Entity,Code,Year,"PM2.5 air pollution, mean annual exposure (micrograms per cubic meter)"
Afghanistan,AFG,1990,65.4867935180664
Afghanistan,AFG,1995,65.17951202392578
Afghanistan,AFG,2000,64.9224624633789
Afghanistan,AFG,2005,64.5226821899414
Afghanistan,AFG,2010,65.24559020996094
Afghanistan,AFG,2011,66.83572387695312
Afghanistan,AFG,2012,66.0231704711914
Afghanistan,AFG,2013,61.36674499511719
Afghanistan,AFG,2014,59.01033020019531
Afghanistan,AFG,2015,61.252655029296875
Afghanistan,AFG,2016,56.28704833984375
Afghanistan,AFG,2017,56.91080856323242
Albania,ALB,1990,22.718664169311523
Albania,ALB,1995,22.029218673706055
Albania,ALB,2000,21.998249053955078
Albania,ALB,2005,21.575258255004883
Albania,ALB,2010,21.277828216552734
Albania,ALB,2011,22.772537231445312
Albania,ALB,2012,20.578258514404297
Albania,ALB,2013,19.93851661682129
Albania,ALB,2014,18.883955001831055
Albania,ALB,2015,19.51253890991211
Albania,ALB,2016,18.18993377685547
Albania,ALB,2017,18.20060157775879
Algeria,DZA,1990,36.93025588989258
Algeria,DZA,1995,36.45658493041992
Algeria,DZA,2000,37.536048889160156
Algeria,DZA,2005,35.85882568359375
Algeria,DZA,2010,33.63581848144531
Algeria,DZA,2011,33.834049224853516
Algeria,DZA,2012,33.366825103759766
Algeria,DZA,2013,34.24532699584961
Algeria,DZA,2014,35.56391906738281
Algeria,DZA,2015,36.08916473388672
Algeria,DZA,2016,39.853275299072266
Algeria,DZA,2017,38.884010314941406
American Samoa,ASM,1990,12.479083061218262
American Samoa,ASM,1995,12.479083061218262
American Samoa,ASM,2000,15.214668273925781
American Samoa,ASM,2005,15.237841606140137
American Samoa,ASM,2010,15.072721481323242
American Samoa,ASM,2011,15.390642166137695
American Samoa,ASM,2012,14.34415054321289
American Samoa,ASM,2013,14.127225875854492
American Samoa,ASM,2014,13.316991806030273
American Samoa,ASM,2015,13.019390106201172
American Samoa,ASM,2016,12.382729530334473
American Samoa,ASM,2017,12.473820686340332
Andorra,AND,1990,14.118741989135742
Andorra,AND,1995,13.936866760253906
Andorra,AND,2000,12.594015121459961
Andorra,AND,2005,12.96137809753418
Andorra,AND,2010,12.807197570800781
Andorra,AND,2011,13.273505210876465
Andorra,AND,2012,12.407052993774414
Andorra,AND,2013,11.81367301940918
Andorra,AND,2014,10.830418586730957
Andorra,AND,2015,11.462178230285645
Andorra,AND,2016,10.255834579467773
Andorra,AND,2017,10.307621002197266
Angola,AGO,1990,36.448116302490234
Angola,AGO,1995,35.602909088134766
Angola,AGO,2000,36.18296813964844
Angola,AGO,2005,34.962913513183594
Angola,AGO,2010,33.78724670410156
Angola,AGO,2011,33.10419464111328
Angola,AGO,2012,33.415496826171875
Angola,AGO,2013,34.66392135620117
Angola,AGO,2014,32.97402572631836
Angola,AGO,2015,32.72987365722656
Angola,AGO,2016,31.785388946533203
Angola,AGO,2017,32.38850402832031
Antigua and Barbuda,ATG,1990,22.4085636138916
Antigua and Barbuda,ATG,1995,22.451595306396484
Antigua and Barbuda,ATG,2000,21.976118087768555
Antigua and Barbuda,ATG,2005,22.134328842163086
Antigua and Barbuda,ATG,2010,22.52887535095215
Antigua and Barbuda,ATG,2011,23.14786148071289
Antigua and Barbuda,ATG,2012,21.471050262451172
Antigua and Barbuda,ATG,2013,20.73538589477539
Antigua and Barbuda,ATG,2014,19.725584030151367
Antigua and Barbuda,ATG,2015,19.696388244628906
Antigua and Barbuda,ATG,2016,18.46092987060547
Antigua and Barbuda,ATG,2017,18.622343063354492
Argentina,ARG,1990,16.220529556274414
Argentina,ARG,1995,16.846065521240234
Argentina,ARG,2000,16.780948638916016
Argentina,ARG,2005,16.403085708618164
Argentina,ARG,2010,16.859100341796875
Argentina,ARG,2011,17.38298225402832
Argentina,ARG,2012,16.135072708129883
Argentina,ARG,2013,15.59737491607666
Argentina,ARG,2014,14.46697998046875
Argentina,ARG,2015,14.63162612915039
Argentina,ARG,2016,13.751443862915039
Argentina,ARG,2017,13.311834335327148
Armenia,ARM,1990,36.860721588134766
Armenia,ARM,1995,35.120941162109375
Armenia,ARM,2000,36.79644775390625
Armenia,ARM,2005,37.068729400634766
Armenia,ARM,2010,37.5300407409668
Armenia,ARM,2011,38.612274169921875
Armenia,ARM,2012,37.184486389160156
Armenia,ARM,2013,34.93721389770508
Armenia,ARM,2014,33.0859489440918
Armenia,ARM,2015,34.881431579589844
Armenia,ARM,2016,32.227169036865234
Armenia,ARM,2017,32.52811813354492
Australia,AUS,1990,10.41185474395752
Australia,AUS,1995,10.426396369934082
Australia,AUS,2000,10.84372329711914
Australia,AUS,2005,10.59713363647461
Australia,AUS,2010,10.618879318237305
Australia,AUS,2011,11.04726505279541
Australia,AUS,2012,10.537090301513672
Australia,AUS,2013,9.98768424987793
Australia,AUS,2014,9.492979049682617
Australia,AUS,2015,9.320014953613281
Australia,AUS,2016,8.614508628845215
Australia,AUS,2017,8.550324440002441
Austria,AUT,1990,16.866687774658203
Austria,AUT,1995,15.70612621307373
Austria,AUT,2000,15.355362892150879
Austria,AUT,2005,15.592062950134277
Austria,AUT,2010,15.149140357971191
Austria,AUT,2011,15.573370933532715
Austria,AUT,2012,14.282332420349121
Austria,AUT,2013,14.081613540649414
Austria,AUT,2014,13.379227638244629
Austria,AUT,2015,13.541094779968262
Austria,AUT,2016,12.596816062927246
Austria,AUT,2017,12.47796630859375
Azerbaijan,AZE,1990,23.942914962768555
Azerbaijan,AZE,1995,23.391427993774414
Azerbaijan,AZE,2000,22.88077163696289
Azerbaijan,AZE,2005,22.865705490112305
Azerbaijan,AZE,2010,23.0476016998291
Azerbaijan,AZE,2011,23.62986946105957
Azerbaijan,AZE,2012,22.180810928344727
Azerbaijan,AZE,2013,22.278779983520508
Azerbaijan,AZE,2014,20.710067749023438
Azerbaijan,AZE,2015,21.41412353515625
Azerbaijan,AZE,2016,20.20815658569336
Azerbaijan,AZE,2017,19.92866325378418
Bahamas,BHS,1990,21.01992416381836
Bahamas,BHS,1995,21.2866268157959
Bahamas,BHS,2000,21.318201065063477
Bahamas,BHS,2005,21.066356658935547
Bahamas,BHS,2010,21.11051368713379
Bahamas,BHS,2011,21.774425506591797
Bahamas,BHS,2012,20.317075729370117
Bahamas,BHS,2013,19.909400939941406
Bahamas,BHS,2014,18.495332717895508
Bahamas,BHS,2015,18.886306762695312
Bahamas,BHS,2016,17.651321411132812
Bahamas,BHS,2017,17.367719650268555
Bahrain,BHR,1990,68.15876007080078
Bahrain,BHR,1995,68.12335205078125
Bahrain,BHR,2000,67.9577865600586
Bahrain,BHR,2005,64.58727264404297
Bahrain,BHR,2010,65.6308822631836
Bahrain,BHR,2011,63.73249816894531
Bahrain,BHR,2012,70.28748321533203
Bahrain,BHR,2013,67.794677734375
Bahrain,BHR,2014,62.758544921875
Bahrain,BHR,2015,72.60467529296875
Bahrain,BHR,2016,69.86418151855469
Bahrain,BHR,2017,70.81620788574219
Bangladesh,BGD,1990,61.59563064575195
Bangladesh,BGD,1995,61.80314254760742
Bangladesh,BGD,2000,63.03634262084961
Bangladesh,BGD,2005,68.87354278564453
Bangladesh,BGD,2010,70.76499938964844
Bangladesh,BGD,2011,70.2105484008789
Bangladesh,BGD,2012,70.79390716552734
Bangladesh,BGD,2013,65.64508056640625
Bangladesh,BGD,2014,68.39537811279297
Bangladesh,BGD,2015,66.96575164794922
Bangladesh,BGD,2016,60.12627410888672
Bangladesh,BGD,2017,60.84578323364258
Barbados,BRB,1990,28.212522506713867
Barbados,BRB,1995,28.245882034301758
Barbados,BRB,2000,28.479455947875977
Barbados,BRB,2005,28.48280143737793
Barbados,BRB,2010,28.216814041137695
Barbados,BRB,2011,29.303489685058594
Barbados,BRB,2012,27.03352928161621
Barbados,BRB,2013,26.2302303314209
Barbados,BRB,2014,25.183013916015625
Barbados,BRB,2015,24.686241149902344
Barbados,BRB,2016,23.459199905395508
Barbados,BRB,2017,23.080175399780273
Belarus,BLR,1990,24.585847854614258
Belarus,BLR,1995,22.65688705444336
Belarus,BLR,2000,22.650266647338867
Belarus,BLR,2005,22.87190055847168
Belarus,BLR,2010,23.31941032409668
Belarus,BLR,2011,22.91114616394043
Belarus,BLR,2012,21.646371841430664
Belarus,BLR,2013,20.5904598236084
Belarus,BLR,2014,19.766054153442383
Belarus,BLR,2015,20.076276779174805
Belarus,BLR,2016,18.878238677978516
Belarus,BLR,2017,18.765579223632812
Belgium,BEL,1990,17.587495803833008
Belgium,BEL,1995,16.496065139770508
Belgium,BEL,2000,15.662450790405273
Belgium,BEL,2005,15.436351776123047
Belgium,BEL,2010,16.009319305419922
Belgium,BEL,2011,15.698442459106445
Belgium,BEL,2012,14.741893768310547
Belgium,BEL,2013,14.022669792175293
Belgium,BEL,2014,13.233621597290039
Belgium,BEL,2015,13.566522598266602
Belgium,BEL,2016,12.833087921142578
Belgium,BEL,2017,12.886518478393555
Belize,BLZ,1990,27.42980194091797
Belize,BLZ,1995,27.125192642211914
Belize,BLZ,2000,27.841440200805664
Belize,BLZ,2005,28.292579650878906
Belize,BLZ,2010,28.273054122924805
Belize,BLZ,2011,28.800445556640625
Belize,BLZ,2012,27.409122467041016
Belize,BLZ,2013,27.284439086914062
Belize,BLZ,2014,24.4211483001709
Belize,BLZ,2015,25.216825485229492
Belize,BLZ,2016,23.065683364868164
Belize,BLZ,2017,23.011892318725586
Benin,BEN,1990,40.22013473510742
Benin,BEN,1995,38.07847213745117
Benin,BEN,2000,39.77629470825195
Benin,BEN,2005,34.32880783081055
Benin,BEN,2010,32.39297103881836
Benin,BEN,2011,32.58084487915039
Benin,BEN,2012,31.992000579833984
Benin,BEN,2013,31.44329833984375
Benin,BEN,2014,29.66045570373535
Benin,BEN,2015,40.47068405151367
Benin,BEN,2016,38.44770431518555
Benin,BEN,2017,38.99995803833008
Bermuda,BMU,1990,11.749759674072266
Bermuda,BMU,1995,11.691011428833008
Bermuda,BMU,2000,14.805442810058594
Bermuda,BMU,2005,14.77558708190918
Bermuda,BMU,2010,14.647381782531738
Bermuda,BMU,2011,14.84311294555664
Bermuda,BMU,2012,13.979083061218262
Bermuda,BMU,2013,13.478851318359375
Bermuda,BMU,2014,12.806414604187012
Bermuda,BMU,2015,12.417961120605469
Bermuda,BMU,2016,11.659943580627441
Bermuda,BMU,2017,11.64635944366455
Bhutan,BTN,1990,40.205970764160156
Bhutan,BTN,1995,40.0750732421875
Bhutan,BTN,2000,39.74958038330078
Bhutan,BTN,2005,43.01963424682617
Bhutan,BTN,2010,43.961883544921875
Bhutan,BTN,2011,43.07170486450195
Bhutan,BTN,2012,42.932273864746094
Bhutan,BTN,2013,41.88190841674805
Bhutan,BTN,2014,40.83967208862305
Bhutan,BTN,2015,39.81863784790039
Bhutan,BTN,2016,37.224365234375
Bhutan,BTN,2017,37.9265022277832
Bolivia,BOL,1990,23.952678680419922
Bolivia,BOL,1995,24.67257308959961
Bolivia,BOL,2000,26.25444221496582
Bolivia,BOL,2005,29.39564323425293
Bolivia,BOL,2010,29.57280921936035
Bolivia,BOL,2011,27.904205322265625
Bolivia,BOL,2012,26.390243530273438
Bolivia,BOL,2013,26.090469360351562
Bolivia,BOL,2014,24.818828582763672
Bolivia,BOL,2015,22.47640037536621
Bolivia,BOL,2016,21.38660430908203
Bolivia,BOL,2017,21.568986892700195
Bosnia and Herzegovina,BIH,1990,30.352558135986328
Bosnia and Herzegovina,BIH,1995,29.33961296081543
Bosnia and Herzegovina,BIH,2000,33.17226028442383
Bosnia and Herzegovina,BIH,2005,33.77212142944336
Bosnia and Herzegovina,BIH,2010,32.30015563964844
Bosnia and Herzegovina,BIH,2011,34.19186782836914
Bosnia and Herzegovina,BIH,2012,31.77326011657715
Bosnia and Herzegovina,BIH,2013,30.446229934692383
Bosnia and Herzegovina,BIH,2014,28.777324676513672
Bosnia and Herzegovina,BIH,2015,29.622838973999023
Bosnia and Herzegovina,BIH,2016,27.594467163085938
Bosnia and Herzegovina,BIH,2017,27.747669219970703
Botswana,BWA,1990,25.4354305267334
Botswana,BWA,1995,24.986309051513672
Botswana,BWA,2000,25.30182456970215
Botswana,BWA,2005,25.073726654052734
Botswana,BWA,2010,25.724720001220703
Botswana,BWA,2011,24.59211540222168
Botswana,BWA,2012,24.85403823852539
Botswana,BWA,2013,24.87425994873047
Botswana,BWA,2014,24.151277542114258
Botswana,BWA,2015,24.330257415771484
Botswana,BWA,2016,23.631267547607422
Botswana,BWA,2017,23.09438705444336
Brazil,BRA,1990,15.143861770629883
Brazil,BRA,1995,15.412857055664062
Brazil,BRA,2000,15.773481369018555
Brazil,BRA,2005,15.595925331115723
Brazil,BRA,2010,15.95528507232666
Brazil,BRA,2011,15.912797927856445
Brazil,BRA,2012,15.285455703735352
Brazil,BRA,2013,14.60990047454834
Brazil,BRA,2014,13.989934921264648
Brazil,BRA,2015,13.594655990600586
Brazil,BRA,2016,12.658676147460938
Brazil,BRA,2017,12.706629753112793
Brunei,BRN,1990,6.732298374176025
Brunei,BRN,1995,6.839568138122559
Brunei,BRN,2000,6.8845133781433105
Brunei,BRN,2005,7.244391918182373
Brunei,BRN,2010,7.417004585266113
Brunei,BRN,2011,7.36618709564209
Brunei,BRN,2012,7.570822715759277
Brunei,BRN,2013,6.709489822387695
Brunei,BRN,2014,6.180830001831055
Brunei,BRN,2015,6.484179973602295
Brunei,BRN,2016,5.927599906921387
Brunei,BRN,2017,5.9030656814575195
Bulgaria,BGR,1990,27.55988121032715
Bulgaria,BGR,1995,25.492809295654297
Bulgaria,BGR,2000,24.08980941772461
Bulgaria,BGR,2005,23.26729965209961
Bulgaria,BGR,2010,22.756195068359375
Bulgaria,BGR,2011,24.30032730102539
Bulgaria,BGR,2012,22.644655227661133
Bulgaria,BGR,2013,20.999637603759766
Bulgaria,BGR,2014,20.74357032775879
Bulgaria,BGR,2015,20.77642822265625
Bulgaria,BGR,2016,19.28301239013672
Bulgaria,BGR,2017,19.149131774902344
Burkina Faso,BFA,1990,46.0146598815918
Burkina Faso,BFA,1995,45.10893249511719
Burkina Faso,BFA,2000,44.88311004638672
Burkina Faso,BFA,2005,39.335113525390625
Burkina Faso,BFA,2010,37.491329193115234
Burkina Faso,BFA,2011,37.281375885009766
Burkina Faso,BFA,2012,38.78415298461914
Burkina Faso,BFA,2013,33.287200927734375
Burkina Faso,BFA,2014,33.969093322753906
Burkina Faso,BFA,2015,46.56216812133789
Burkina Faso,BFA,2016,41.5372428894043
Burkina Faso,BFA,2017,42.93559265136719
Burundi,BDI,1990,41.2488899230957
Burundi,BDI,1995,40.00953674316406
Burundi,BDI,2000,40.955780029296875
Burundi,BDI,2005,40.14781188964844
Burundi,BDI,2010,38.381168365478516
Burundi,BDI,2011,38.23619079589844
Burundi,BDI,2012,41.011329650878906
Burundi,BDI,2013,39.971073150634766
Burundi,BDI,2014,39.38755798339844
Burundi,BDI,2015,38.43088150024414
Burundi,BDI,2016,38.65322494506836
Burundi,BDI,2017,38.89626693725586
Cambodia,KHM,1990,29.477596282958984
Cambodia,KHM,1995,30.06684112548828
Cambodia,KHM,2000,29.97403335571289
Cambodia,KHM,2005,31.408935546875
Cambodia,KHM,2010,31.343135833740234
Cambodia,KHM,2011,30.91962432861328
Cambodia,KHM,2012,31.283733367919922
Cambodia,KHM,2013,30.336528778076172
Cambodia,KHM,2014,28.58336639404297
Cambodia,KHM,2015,26.76923942565918
Cambodia,KHM,2016,25.2028751373291
Cambodia,KHM,2017,25.61429214477539
Cameroon,CMR,1990,75.00667572021484
Cameroon,CMR,1995,72.57501220703125
Cameroon,CMR,2000,70.82948303222656
Cameroon,CMR,2005,63.45308303833008
Cameroon,CMR,2010,59.29340362548828
Cameroon,CMR,2011,58.076900482177734
Cameroon,CMR,2012,62.776695251464844
Cameroon,CMR,2013,58.186336517333984
Cameroon,CMR,2014,56.71530532836914
Cameroon,CMR,2015,77.05174255371094
Cameroon,CMR,2016,73.20529174804688
Cameroon,CMR,2017,72.79309844970703
Canada,CAN,1990,8.225863456726074
Canada,CAN,1995,8.103930473327637
Canada,CAN,2000,8.280983924865723
Canada,CAN,2005,8.495469093322754
Canada,CAN,2010,8.3844575881958
Canada,CAN,2011,8.62446117401123
Canada,CAN,2012,8.107410430908203
Canada,CAN,2013,7.791635990142822
Canada,CAN,2014,7.428420066833496
Canada,CAN,2015,7.15158224105835
Canada,CAN,2016,6.549074649810791
Canada,CAN,2017,6.4283833503723145
Cape Verde,CPV,1990,36.13872528076172
Cape Verde,CPV,1995,36.3646125793457
Cape Verde,CPV,2000,36.62812423706055
Cape Verde,CPV,2005,30.262409210205078
Cape Verde,CPV,2010,27.5964412689209
Cape Verde,CPV,2011,31.64177894592285
Cape Verde,CPV,2012,32.94099426269531
Cape Verde,CPV,2013,32.08584213256836
Cape Verde,CPV,2014,31.62108039855957
Cape Verde,CPV,2015,38.63361358642578
Cape Verde,CPV,2016,33.392330169677734
Cape Verde,CPV,2017,34.77870178222656
Central African Republic,CAF,1990,53.28715515136719
Central African Republic,CAF,1995,53.40425491333008
Central African Republic,CAF,2000,51.5721435546875
Central African Republic,CAF,2005,52.89663314819336
Central African Republic,CAF,2010,51.533321380615234
Central African Republic,CAF,2011,51.229530334472656
Central African Republic,CAF,2012,53.35883331298828
Central African Republic,CAF,2013,50.87491226196289
Central African Republic,CAF,2014,49.35636520385742
Central African Republic,CAF,2015,58.32609939575195
Central African Republic,CAF,2016,56.98542404174805
Central African Republic,CAF,2017,56.82849884033203
Chad,TCD,1990,65.72098541259766
Chad,TCD,1995,68.90049743652344
Chad,TCD,2000,65.97160339355469
Chad,TCD,2005,58.20089340209961
Chad,TCD,2010,56.58662796020508
Chad,TCD,2011,55.195159912109375
Chad,TCD,2012,58.67538833618164
Chad,TCD,2013,53.0564079284668
Chad,TCD,2014,51.247169494628906
Chad,TCD,2015,68.6823959350586
Chad,TCD,2016,64.77076721191406
Chad,TCD,2017,66.02920532226562
Chile,CHL,1990,24.676055908203125
Chile,CHL,1995,24.943241119384766
Chile,CHL,2000,26.168594360351562
Chile,CHL,2005,25.52731704711914
Chile,CHL,2010,25.892292022705078
Chile,CHL,2011,27.245866775512695
Chile,CHL,2012,25.047155380249023
Chile,CHL,2013,23.93669319152832
Chile,CHL,2014,22.86825180053711
Chile,CHL,2015,22.569791793823242
Chile,CHL,2016,20.87687110900879
Chile,CHL,2017,21.036298751831055
China,CHN,1990,57.76500701904297
China,CHN,1995,58.660160064697266
China,CHN,2000,60.704837799072266
China,CHN,2005,66.17450714111328
China,CHN,2010,69.47956848144531
China,CHN,2011,70.54203033447266
China,CHN,2012,63.82701873779297
China,CHN,2013,65.5145492553711
China,CHN,2014,59.76736831665039
China,CHN,2015,59.06342315673828
China,CHN,2016,52.21132278442383
China,CHN,2017,52.66459655761719
Colombia,COL,1990,20.383516311645508
Colombia,COL,1995,20.01323699951172
Colombia,COL,2000,20.05341911315918
Colombia,COL,2005,21.284774780273438
Colombia,COL,2010,21.497844696044922
Colombia,COL,2011,21.367778778076172
Colombia,COL,2012,20.536636352539062
Colombia,COL,2013,19.22334861755371
Colombia,COL,2014,18.344205856323242
Colombia,COL,2015,17.300283432006836
Colombia,COL,2016,16.58060073852539
Colombia,COL,2017,16.527210235595703
Comoros,COM,1990,21.753992080688477
Comoros,COM,1995,21.077423095703125
Comoros,COM,2000,21.544055938720703
Comoros,COM,2005,21.243206024169922
Comoros,COM,2010,20.666357040405273
Comoros,COM,2011,21.020160675048828
Comoros,COM,2012,21.252628326416016
Comoros,COM,2013,21.047962188720703
Comoros,COM,2014,21.502071380615234
Comoros,COM,2015,20.715557098388672
Comoros,COM,2016,20.48272705078125
Comoros,COM,2017,20.546825408935547
Congo,COG,1990,46.68716049194336
Congo,COG,1995,42.66256332397461
Congo,COG,2000,43.598785400390625
Congo,COG,2005,42.68905258178711
Congo,COG,2010,42.009090423583984
Congo,COG,2011,44.15559387207031
Congo,COG,2012,43.489986419677734
Congo,COG,2013,46.12663650512695
Congo,COG,2014,45.85281753540039
Congo,COG,2015,44.1476936340332
Congo,COG,2016,45.71104049682617
Congo,COG,2017,46.638221740722656
Costa Rica,CRI,1990,18.30876350402832
Costa Rica,CRI,1995,18.5616397857666
Costa Rica,CRI,2000,19.41210174560547
Costa Rica,CRI,2005,19.657306671142578
Costa Rica,CRI,2010,19.272953033447266
Costa Rica,CRI,2011,19.702133178710938
Costa Rica,CRI,2012,19.335126876831055
Costa Rica,CRI,2013,18.341516494750977
Costa Rica,CRI,2014,17.54363441467285
Costa Rica,CRI,2015,16.879289627075195
Costa Rica,CRI,2016,15.65581226348877
Costa Rica,CRI,2017,15.725920677185059
Cote d'Ivoire,CIV,1990,25.873201370239258
Cote d'Ivoire,CIV,1995,24.85169219970703
Cote d'Ivoire,CIV,2000,25.263492584228516
Cote d'Ivoire,CIV,2005,21.828811645507812
Cote d'Ivoire,CIV,2010,21.617704391479492
Cote d'Ivoire,CIV,2011,22.59307289123535
Cote d'Ivoire,CIV,2012,22.494403839111328
Cote d'Ivoire,CIV,2013,21.305543899536133
Cote d'Ivoire,CIV,2014,20.900177001953125
Cote d'Ivoire,CIV,2015,27.6874942779541
Cote d'Ivoire,CIV,2016,26.67470359802246
Cote d'Ivoire,CIV,2017,25.886266708374023
Croatia,HRV,1990,21.938692092895508
Croatia,HRV,1995,20.925025939941406
Croatia,HRV,2000,21.51238441467285
Croatia,HRV,2005,22.12263298034668
Croatia,HRV,2010,21.334718704223633
Croatia,HRV,2011,21.96600341796875
Croatia,HRV,2012,20.202423095703125
Croatia,HRV,2013,19.58696174621582
Croatia,HRV,2014,18.433103561401367
Croatia,HRV,2015,19.206682205200195
Croatia,HRV,2016,17.789318084716797
Croatia,HRV,2017,17.901771545410156
Cuba,CUB,1990,23.79235076904297
Cuba,CUB,1995,24.25965118408203
Cuba,CUB,2000,24.137367248535156
Cuba,CUB,2005,24.009920120239258
Cuba,CUB,2010,23.933298110961914
Cuba,CUB,2011,24.78731918334961
Cuba,CUB,2012,23.239788055419922
Cuba,CUB,2013,22.85074234008789
Cuba,CUB,2014,21.296234130859375
Cuba,CUB,2015,20.864099502563477
Cuba,CUB,2016,19.73784065246582
Cuba,CUB,2017,19.70604705810547
Cyprus,CYP,1990,20.90657615661621
Cyprus,CYP,1995,20.517221450805664
Cyprus,CYP,2000,20.184993743896484
Cyprus,CYP,2005,19.71804428100586
Cyprus,CYP,2010,20.081865310668945
Cyprus,CYP,2011,20.09096336364746
Cyprus,CYP,2012,19.224843978881836
Cyprus,CYP,2013,18.684545516967773
Cyprus,CYP,2014,18.293527603149414
Cyprus,CYP,2015,19.101346969604492
Cyprus,CYP,2016,16.95802116394043
Cyprus,CYP,2017,17.29440689086914
Czechia,CZE,1990,24.40361785888672
Czechia,CZE,1995,22.1213321685791
Czechia,CZE,2000,20.43670654296875
Czechia,CZE,2005,19.946592330932617
Czechia,CZE,2010,20.676870346069336
Czechia,CZE,2011,20.081247329711914
Czechia,CZE,2012,18.743175506591797
Czechia,CZE,2013,17.996286392211914
Czechia,CZE,2014,17.391216278076172
Czechia,CZE,2015,17.416452407836914
Czechia,CZE,2016,16.100584030151367
Czechia,CZE,2017,16.071245193481445
Democratic Republic of Congo,COD,1990,43.23313522338867
Democratic Republic of Congo,COD,1995,43.483036041259766
Democratic Republic of Congo,COD,2000,44.76174545288086
Democratic Republic of Congo,COD,2005,42.04343795776367
Democratic Republic of Congo,COD,2010,41.398040771484375
Democratic Republic of Congo,COD,2011,41.4932861328125
Democratic Republic of Congo,COD,2012,43.03676986694336
Democratic Republic of Congo,COD,2013,44.49576187133789
Democratic Republic of Congo,COD,2014,42.54944610595703
Democratic Republic of Congo,COD,2015,44.93118667602539
Democratic Republic of Congo,COD,2016,45.4995002746582
Democratic Republic of Congo,COD,2017,44.909263610839844
Denmark,DNK,1990,13.25493049621582
Denmark,DNK,1995,12.667547225952148
Denmark,DNK,2000,12.416939735412598
Denmark,DNK,2005,12.078428268432617
Denmark,DNK,2010,11.929147720336914
Denmark,DNK,2011,12.662331581115723
Denmark,DNK,2012,11.115525245666504
Denmark,DNK,2013,10.820279121398926
Denmark,DNK,2014,11.066704750061035
Denmark,DNK,2015,10.657285690307617
Denmark,DNK,2016,10.095972061157227
Denmark,DNK,2017,10.029653549194336
Djibouti,DJI,1990,40.877166748046875
Djibouti,DJI,1995,41.22401428222656
Djibouti,DJI,2000,40.98011016845703
Djibouti,DJI,2005,39.17293930053711
Djibouti,DJI,2010,38.240867614746094
Djibouti,DJI,2011,40.441837310791016
Djibouti,DJI,2012,39.94282150268555
Djibouti,DJI,2013,40.1037712097168
Djibouti,DJI,2014,41.259727478027344
Djibouti,DJI,2015,45.950809478759766
Djibouti,DJI,2016,45.868873596191406
Djibouti,DJI,2017,45.549617767333984
Dominica,DMA,1990,23.341428756713867
Dominica,DMA,1995,22.865650177001953
Dominica,DMA,2000,22.955415725708008
Dominica,DMA,2005,23.562835693359375
Dominica,DMA,2010,23.740745544433594
Dominica,DMA,2011,24.276123046875
Dominica,DMA,2012,22.21579933166504
Dominica,DMA,2013,22.15106773376465
Dominica,DMA,2014,21.01030731201172
Dominica,DMA,2015,20.68878936767578
Dominica,DMA,2016,19.988147735595703
Dominica,DMA,2017,19.493154525756836
Dominican Republic,DOM,1990,15.444073677062988
Dominican Republic,DOM,1995,15.739140510559082
Dominican Republic,DOM,2000,16.453149795532227
Dominican Republic,DOM,2005,16.585445404052734
Dominican Republic,DOM,2010,16.874465942382812
Dominican Republic,DOM,2011,17.299779891967773
Dominican Republic,DOM,2012,16.15283966064453
Dominican Republic,DOM,2013,15.396950721740723
Dominican Republic,DOM,2014,14.188074111938477
Dominican Republic,DOM,2015,14.858221054077148
Dominican Republic,DOM,2016,13.690227508544922
Dominican Republic,DOM,2017,13.72632122039795
East Asia and Pacific,,1990,44.91630554199219
East Asia and Pacific,,1995,45.44395065307617
East Asia and Pacific,,2000,46.58545684814453
East Asia and Pacific,,2005,50.1450309753418
East Asia and Pacific,,2010,51.912010192871094
East Asia and Pacific,,2011,52.42434310913086
East Asia and Pacific,,2012,48.0814323425293
East Asia and Pacific,,2013,48.87065887451172
East Asia and Pacific,,2014,44.89937973022461
East Asia and Pacific,,2015,44.27488327026367
East Asia and Pacific,,2016,39.57075500488281
East Asia and Pacific,,2017,39.80504608154297
Ecuador,ECU,1990,18.4244327545166
Ecuador,ECU,1995,18.485010147094727
Ecuador,ECU,2000,18.700265884399414
Ecuador,ECU,2005,19.914669036865234
Ecuador,ECU,2010,19.979188919067383
Ecuador,ECU,2011,19.32199478149414
Ecuador,ECU,2012,19.557710647583008
Ecuador,ECU,2013,18.118608474731445
Ecuador,ECU,2014,16.234188079833984
Ecuador,ECU,2015,15.699707984924316
Ecuador,ECU,2016,14.98157787322998
Ecuador,ECU,2017,14.886100769042969
Egypt,EGY,1990,75.47526550292969
Egypt,EGY,1995,72.33836364746094
Egypt,EGY,2000,73.26432037353516
Egypt,EGY,2005,74.03844451904297
Egypt,EGY,2010,77.44661712646484
Egypt,EGY,2011,70.7863540649414
Egypt,EGY,2012,72.79056549072266
Egypt,EGY,2013,76.21365356445312
Egypt,EGY,2014,76.55960083007812
Egypt,EGY,2015,88.21338653564453
Egypt,EGY,2016,88.14849853515625
Egypt,EGY,2017,86.99945068359375
El Salvador,SLV,1990,31.12621307373047
El Salvador,SLV,1995,31.819589614868164
El Salvador,SLV,2000,31.852596282958984
El Salvador,SLV,2005,31.97286605834961
El Salvador,SLV,2010,30.46194076538086
El Salvador,SLV,2011,33.628265380859375
El Salvador,SLV,2012,30.933975219726562
El Salvador,SLV,2013,30.7598819732666
El Salvador,SLV,2014,27.50259017944336
El Salvador,SLV,2015,26.4747314453125
El Salvador,SLV,2016,24.736486434936523
El Salvador,SLV,2017,24.472291946411133
Equatorial Guinea,GNQ,1990,51.36949920654297
Equatorial Guinea,GNQ,1995,52.100807189941406
Equatorial Guinea,GNQ,2000,51.73966979980469
Equatorial Guinea,GNQ,2005,45.583953857421875
Equatorial Guinea,GNQ,2010,46.186485290527344
Equatorial Guinea,GNQ,2011,46.85258865356445
Equatorial Guinea,GNQ,2012,45.23237228393555
Equatorial Guinea,GNQ,2013,43.62579345703125
Equatorial Guinea,GNQ,2014,44.30179977416992
Equatorial Guinea,GNQ,2015,52.634368896484375
Equatorial Guinea,GNQ,2016,54.509029388427734
Equatorial Guinea,GNQ,2017,53.24061965942383
Eritrea,ERI,1990,46.92133331298828
Eritrea,ERI,1995,46.34363555908203
Eritrea,ERI,2000,46.372928619384766
Eritrea,ERI,2005,47.11026382446289
Eritrea,ERI,2010,45.22713851928711
Eritrea,ERI,2011,45.2574462890625
Eritrea,ERI,2012,46.133846282958984
Eritrea,ERI,2013,47.62781524658203
Eritrea,ERI,2014,44.37494659423828
Eritrea,ERI,2015,49.82891082763672
Eritrea,ERI,2016,48.670936584472656
Eritrea,ERI,2017,48.03019714355469
Estonia,EST,1990,9.05192756652832
Estonia,EST,1995,8.578045845031738
Estonia,EST,2000,8.227386474609375
Estonia,EST,2005,8.457242965698242
Estonia,EST,2010,8.519848823547363
Estonia,EST,2011,8.442559242248535
Estonia,EST,2012,7.810698509216309
Estonia,EST,2013,7.482813358306885
Estonia,EST,2014,7.705552577972412
Estonia,EST,2015,7.003727436065674
Estonia,EST,2016,6.821447849273682
Estonia,EST,2017,6.732123851776123
Eswatini,SWZ,1990,18.832181930541992
Eswatini,SWZ,1995,18.406869888305664
Eswatini,SWZ,2000,18.668550491333008
Eswatini,SWZ,2005,18.30488395690918
Eswatini,SWZ,2010,18.128192901611328
Eswatini,SWZ,2011,17.973312377929688
Eswatini,SWZ,2012,18.182331085205078
Eswatini,SWZ,2013,18.30780792236328
Eswatini,SWZ,2014,17.978776931762695
Eswatini,SWZ,2015,17.924808502197266
Eswatini,SWZ,2016,17.148548126220703
Eswatini,SWZ,2017,17.168787002563477
Ethiopia,ETH,1990,35.800750732421875
Ethiopia,ETH,1995,35.8358039855957
Ethiopia,ETH,2000,35.533966064453125
Ethiopia,ETH,2005,34.351009368896484
Ethiopia,ETH,2010,35.6341438293457
Ethiopia,ETH,2011,36.31794357299805
Ethiopia,ETH,2012,35.97384262084961
Ethiopia,ETH,2013,35.88420486450195
Ethiopia,ETH,2014,35.04359817504883
Ethiopia,ETH,2015,38.858604431152344
Ethiopia,ETH,2016,39.24503707885742
Ethiopia,ETH,2017,38.978736877441406
Europe and Central Asia,,1990,21.928678512573242
Europe and Central Asia,,1995,20.867273330688477
Europe and Central Asia,,2000,20.33548927307129
Europe and Central Asia,,2005,20.153846740722656
Europe and Central Asia,,2010,20.5834903717041
Europe and Central Asia,,2011,20.575298309326172
Europe and Central Asia,,2012,19.500659942626953
Europe and Central Asia,,2013,19.080154418945312
Europe and Central Asia,,2014,18.391639709472656
Europe and Central Asia,,2015,19.00069808959961
Europe and Central Asia,,2016,18.009960174560547
Europe and Central Asia,,2017,18.08347511291504
European Union,,1990,18.56616973876953
European Union,,1995,17.383892059326172
European Union,,2000,16.64126968383789
European Union,,2005,16.418832778930664
European Union,,2010,16.502214431762695
European Union,,2011,16.631208419799805
European Union,,2012,15.310091018676758
European Union,,2013,14.79927921295166
European Union,,2014,14.250036239624023
European Union,,2015,14.47106647491455
European Union,,2016,13.431675910949707
European Union,,2017,13.465907096862793
Fiji,FJI,1990,13.066792488098145
Fiji,FJI,1995,12.955780029296875
Fiji,FJI,2000,13.138453483581543
Fiji,FJI,2005,12.902495384216309
Fiji,FJI,2010,13.5338134765625
Fiji,FJI,2011,13.836461067199707
Fiji,FJI,2012,12.85205364227295
Fiji,FJI,2013,12.144618034362793
Fiji,FJI,2014,11.922892570495605
Fiji,FJI,2015,11.641944885253906
Fiji,FJI,2016,11.059343338012695
Fiji,FJI,2017,10.840160369873047
Finland,FIN,1990,7.412718296051025
Finland,FIN,1995,7.232851505279541
Finland,FIN,2000,7.093878746032715
Finland,FIN,2005,7.142454624176025
Finland,FIN,2010,7.19033145904541
Finland,FIN,2011,7.2836995124816895
Finland,FIN,2012,6.601133346557617
Finland,FIN,2013,6.278689384460449
Finland,FIN,2014,6.468639850616455
Finland,FIN,2015,6.063834190368652
Finland,FIN,2016,5.893757343292236
Finland,FIN,2017,5.861330986022949
France,FRA,1990,15.8496675491333
France,FRA,1995,15.273503303527832
France,FRA,2000,14.723017692565918
France,FRA,2005,14.704505920410156
France,FRA,2010,14.845621109008789
France,FRA,2011,14.878019332885742
France,FRA,2012,13.83475399017334
France,FRA,2013,13.594308853149414
France,FRA,2014,12.289703369140625
France,FRA,2015,12.745707511901855
France,FRA,2016,11.855184555053711
France,FRA,2017,11.814963340759277
Gabon,GAB,1990,42.91521453857422
Gabon,GAB,1995,42.847320556640625
Gabon,GAB,2000,42.58917236328125
Gabon,GAB,2005,39.97835159301758
Gabon,GAB,2010,40.27758026123047
Gabon,GAB,2011,41.13028335571289
Gabon,GAB,2012,40.814090728759766
Gabon,GAB,2013,40.72566223144531
Gabon,GAB,2014,41.3195686340332
Gabon,GAB,2015,44.09590148925781
Gabon,GAB,2016,43.72065353393555
Gabon,GAB,2017,44.38554763793945
Gambia,GMB,1990,35.2938232421875
Gambia,GMB,1995,34.77638244628906
Gambia,GMB,2000,34.60087966918945
Gambia,GMB,2005,30.283668518066406
Gambia,GMB,2010,30.201263427734375
Gambia,GMB,2011,29.264923095703125
Gambia,GMB,2012,30.72906494140625
Gambia,GMB,2013,29.804672241210938
Gambia,GMB,2014,30.62189483642578
Gambia,GMB,2015,36.305381774902344
Gambia,GMB,2016,32.61530303955078
Gambia,GMB,2017,33.98263931274414
Georgia,GEO,1990,26.526485443115234
Georgia,GEO,1995,25.2730712890625
Georgia,GEO,2000,25.273801803588867
Georgia,GEO,2005,25.627283096313477
Georgia,GEO,2010,26.101238250732422
Georgia,GEO,2011,26.78360366821289
Georgia,GEO,2012,25.002849578857422
Georgia,GEO,2013,23.91020393371582
Georgia,GEO,2014,22.966707229614258
Georgia,GEO,2015,24.25264549255371
Georgia,GEO,2016,21.829635620117188
Georgia,GEO,2017,22.196054458618164
Germany,DEU,1990,17.016523361206055
Germany,DEU,1995,15.625370025634766
Germany,DEU,2000,14.903934478759766
Germany,DEU,2005,14.535208702087402
Germany,DEU,2010,15.189495086669922
Germany,DEU,2011,14.664228439331055
Germany,DEU,2012,13.577642440795898
Germany,DEU,2013,13.191919326782227
Germany,DEU,2014,12.751220703125
Germany,DEU,2015,12.82609748840332
Germany,DEU,2016,11.937810897827148
Germany,DEU,2017,12.028767585754395
Ghana,GHA,1990,35.59497833251953
Ghana,GHA,1995,34.7596549987793
Ghana,GHA,2000,35.03722381591797
Ghana,GHA,2005,26.806673049926758
Ghana,GHA,2010,27.368284225463867
Ghana,GHA,2011,28.211698532104492
Ghana,GHA,2012,28.89742660522461
Ghana,GHA,2013,27.815340042114258
Ghana,GHA,2014,25.889522552490234
Ghana,GHA,2015,34.68190002441406
Ghana,GHA,2016,36.252655029296875
Ghana,GHA,2017,34.7135124206543
Greece,GRC,1990,20.642969131469727
Greece,GRC,1995,19.82827377319336
Greece,GRC,2000,19.918607711791992
Greece,GRC,2005,19.308103561401367
Greece,GRC,2010,19.06108856201172
Greece,GRC,2011,20.001541137695312
Greece,GRC,2012,18.42076873779297
Greece,GRC,2013,17.779417037963867
Greece,GRC,2014,17.365041732788086
Greece,GRC,2015,17.740556716918945
Greece,GRC,2016,16.328920364379883
Greece,GRC,2017,16.218265533447266
Greenland,GRL,1990,15.076850891113281
Greenland,GRL,1995,15.157519340515137
Greenland,GRL,2000,13.957062721252441
Greenland,GRL,2005,13.768933296203613
Greenland,GRL,2010,13.922324180603027
Greenland,GRL,2011,14.09660530090332
Greenland,GRL,2012,13.40669059753418
Greenland,GRL,2013,12.757967948913574
Greenland,GRL,2014,12.510547637939453
Greenland,GRL,2015,11.762039184570312
Greenland,GRL,2016,11.572504997253418
Greenland,GRL,2017,11.602179527282715
Grenada,GRD,1990,27.733057022094727
Grenada,GRD,1995,27.73430633544922
Grenada,GRD,2000,27.482900619506836
Grenada,GRD,2005,27.77715492248535
Grenada,GRD,2010,27.47290802001953
Grenada,GRD,2011,28.139514923095703
Grenada,GRD,2012,26.468917846679688
Grenada,GRD,2013,25.847307205200195
Grenada,GRD,2014,24.287031173706055
Grenada,GRD,2015,24.162782669067383
Grenada,GRD,2016,22.888690948486328
Grenada,GRD,2017,22.722686767578125
Guam,GUM,1990,11.816009521484375
Guam,GUM,1995,11.812917709350586
Guam,GUM,2000,14.314162254333496
Guam,GUM,2005,13.80854320526123
Guam,GUM,2010,13.888340950012207
Guam,GUM,2011,14.103532791137695
Guam,GUM,2012,13.242301940917969
Guam,GUM,2013,12.78879451751709
Guam,GUM,2014,12.022552490234375
Guam,GUM,2015,12.531783103942871
Guam,GUM,2016,11.65176773071289
Guam,GUM,2017,11.634407043457031
Guatemala,GTM,1990,29.51331901550293
Guatemala,GTM,1995,30.168352127075195
Guatemala,GTM,2000,31.06172752380371
Guatemala,GTM,2005,31.46465301513672
Guatemala,GTM,2010,29.982589721679688
Guatemala,GTM,2011,31.727331161499023
Guatemala,GTM,2012,29.886259078979492
Guatemala,GTM,2013,30.05682373046875
Guatemala,GTM,2014,26.527854919433594
Guatemala,GTM,2015,25.072725296020508
Guatemala,GTM,2016,23.797828674316406
Guatemala,GTM,2017,24.070648193359375
Guinea,GIN,1990,24.69337272644043
Guinea,GIN,1995,24.181432723999023
Guinea,GIN,2000,24.034873962402344
Guinea,GIN,2005,22.445125579833984
Guinea,GIN,2010,21.971027374267578
Guinea,GIN,2011,22.44536018371582
Guinea,GIN,2012,22.989965438842773
Guinea,GIN,2013,21.258562088012695
Guinea,GIN,2014,21.196672439575195
Guinea,GIN,2015,26.94288444519043
Guinea,GIN,2016,24.777713775634766
Guinea,GIN,2017,26.062490463256836
Guinea-Bissau,GNB,1990,30.58919334411621
Guinea-Bissau,GNB,1995,30.47041893005371
Guinea-Bissau,GNB,2000,30.456884384155273
Guinea-Bissau,GNB,2005,26.8405704498291
Guinea-Bissau,GNB,2010,26.83635902404785
Guinea-Bissau,GNB,2011,27.389440536499023
Guinea-Bissau,GNB,2012,27.09021759033203
Guinea-Bissau,GNB,2013,26.524208068847656
Guinea-Bissau,GNB,2014,26.940959930419922
Guinea-Bissau,GNB,2015,31.791271209716797
Guinea-Bissau,GNB,2016,29.585866928100586
Guinea-Bissau,GNB,2017,29.774702072143555
Guyana,GUY,1990,24.94626235961914
Guyana,GUY,1995,24.43404197692871
Guyana,GUY,2000,27.390953063964844
Guyana,GUY,2005,27.77781105041504
Guyana,GUY,2010,27.311864852905273
Guyana,GUY,2011,27.929424285888672
Guyana,GUY,2012,26.90129852294922
Guyana,GUY,2013,24.85550308227539
Guyana,GUY,2014,23.648265838623047
Guyana,GUY,2015,23.887882232666016
Guyana,GUY,2016,22.371498107910156
Guyana,GUY,2017,22.375574111938477
Haiti,HTI,1990,17.303722381591797
Haiti,HTI,1995,18.262939453125
Haiti,HTI,2000,17.7797908782959
Haiti,HTI,2005,17.461772918701172
Haiti,HTI,2010,17.795242309570312
Haiti,HTI,2011,18.757917404174805
Haiti,HTI,2012,17.48024559020996
Haiti,HTI,2013,16.767011642456055
Haiti,HTI,2014,16.262224197387695
Haiti,HTI,2015,15.540277481079102
Haiti,HTI,2016,15.086483001708984
Haiti,HTI,2017,15.019824028015137
High income,,1990,16.642749786376953
High income,,1995,16.228591918945312
High income,,2000,16.20960235595703
High income,,2005,16.325721740722656
High income,,2010,16.67738151550293
High income,,2011,16.96734046936035
High income,,2012,16.087749481201172
High income,,2013,15.887727737426758
High income,,2014,14.993806838989258
High income,,2015,15.825737953186035
High income,,2016,14.528249740600586
High income,,2017,14.693316459655762
Honduras,HND,1990,27.112571716308594
Honduras,HND,1995,27.808025360107422
Honduras,HND,2000,27.571624755859375
Honduras,HND,2005,28.079551696777344
Honduras,HND,2010,26.882951736450195
Honduras,HND,2011,28.900747299194336
Honduras,HND,2012,27.4471492767334
Honduras,HND,2013,27.68413543701172
Honduras,HND,2014,23.161540985107422
Honduras,HND,2015,22.40619659423828
Honduras,HND,2016,21.086959838867188
Honduras,HND,2017,20.62885093688965
Hungary,HUN,1990,21.839860916137695
Hungary,HUN,1995,20.017446517944336
Hungary,HUN,2000,18.981849670410156
Hungary,HUN,2005,19.466550827026367
Hungary,HUN,2010,19.13552474975586
Hungary,HUN,2011,19.360689163208008
Hungary,HUN,2012,17.52996063232422
Hungary,HUN,2013,17.231830596923828
Hungary,HUN,2014,16.31532859802246
Hungary,HUN,2015,17.23213005065918
Hungary,HUN,2016,15.885350227355957
Hungary,HUN,2017,15.926048278808594
Iceland,ISL,1990,8.43009090423584
Iceland,ISL,1995,8.171578407287598
Iceland,ISL,2000,7.954558372497559
Iceland,ISL,2005,7.842946529388428
Iceland,ISL,2010,7.856536865234375
Iceland,ISL,2011,8.098884582519531
Iceland,ISL,2012,7.3369293212890625
Iceland,ISL,2013,7.171206951141357
Iceland,ISL,2014,6.948896408081055
Iceland,ISL,2015,6.927968978881836
Iceland,ISL,2016,6.607654094696045
Iceland,ISL,2017,6.481147289276123
India,IND,1990,81.29063415527344
India,IND,1995,82.77130126953125
India,IND,2000,84.16480255126953
India,IND,2005,90.32646179199219
India,IND,2010,95.7581787109375
India,IND,2011,97.59938049316406
India,IND,2012,88.16944122314453
India,IND,2013,91.80479431152344
India,IND,2014,89.62238311767578
India,IND,2015,89.30333709716797
India,IND,2016,89.67218017578125
India,IND,2017,90.87320709228516
Indonesia,IDN,1990,18.052810668945312
Indonesia,IDN,1995,18.164766311645508
Indonesia,IDN,2000,17.877389907836914
Indonesia,IDN,2005,18.926637649536133
Indonesia,IDN,2010,18.169281005859375
Indonesia,IDN,2011,18.049652099609375
Indonesia,IDN,2012,18.170169830322266
Indonesia,IDN,2013,16.879180908203125
Indonesia,IDN,2014,16.454631805419922
Indonesia,IDN,2015,16.64027976989746
Indonesia,IDN,2016,16.384153366088867
Indonesia,IDN,2017,16.502653121948242
Iran,IRN,1990,38.071739196777344
Iran,IRN,1995,37.72776412963867
Iran,IRN,2000,38.41777801513672
Iran,IRN,2005,37.62776565551758
Iran,IRN,2010,38.6515007019043
Iran,IRN,2011,38.04969024658203
Iran,IRN,2012,38.54205322265625
Iran,IRN,2013,38.10109329223633
Iran,IRN,2014,38.109493255615234
Iran,IRN,2015,39.610530853271484
Iran,IRN,2016,38.84130096435547
Iran,IRN,2017,38.978759765625
Iraq,IRQ,1990,63.71657180786133
Iraq,IRQ,1995,63.26491928100586
Iraq,IRQ,2000,62.45795822143555
Iraq,IRQ,2005,62.85178756713867
Iraq,IRQ,2010,68.7114028930664
Iraq,IRQ,2011,66.36260986328125
Iraq,IRQ,2012,66.84207916259766
Iraq,IRQ,2013,63.802696228027344
Iraq,IRQ,2014,56.56703186035156
Iraq,IRQ,2015,66.2650375366211
Iraq,IRQ,2016,63.954795837402344
Iraq,IRQ,2017,61.636234283447266
Ireland,IRL,1990,10.405027389526367
Ireland,IRL,1995,10.149260520935059
Ireland,IRL,2000,10.137776374816895
Ireland,IRL,2005,9.922228813171387
Ireland,IRL,2010,9.976374626159668
Ireland,IRL,2011,10.285079002380371
Ireland,IRL,2012,9.52269172668457
Ireland,IRL,2013,9.360153198242188
Ireland,IRL,2014,8.750521659851074
Ireland,IRL,2015,8.672473907470703
Ireland,IRL,2016,8.279163360595703
Ireland,IRL,2017,8.208577156066895
Israel,ISR,1990,24.810527801513672
Israel,ISR,1995,24.317306518554688
Israel,ISR,2000,24.503623962402344
Israel,ISR,2005,22.9827938079834
Israel,ISR,2010,24.019237518310547
Israel,ISR,2011,23.904685974121094
Israel,ISR,2012,23.038848876953125
Israel,ISR,2013,22.946331024169922
Israel,ISR,2014,22.059146881103516
Israel,ISR,2015,22.779783248901367
Israel,ISR,2016,20.765701293945312
Israel,ISR,2017,21.381101608276367
Italy,ITA,1990,21.31972885131836
Italy,ITA,1995,20.270069122314453
Italy,ITA,2000,19.777334213256836
Italy,ITA,2005,19.60087776184082
Italy,ITA,2010,19.025230407714844
Italy,ITA,2011,19.994266510009766
Italy,ITA,2012,18.105247497558594
Italy,ITA,2013,17.757722854614258
Italy,ITA,2014,17.769269943237305
Italy,ITA,2015,17.89144515991211
Italy,ITA,2016,16.490373611450195
Italy,ITA,2017,16.75071144104004
Jamaica,JAM,1990,15.953864097595215
Jamaica,JAM,1995,15.919053077697754
Jamaica,JAM,2000,15.893815994262695
Jamaica,JAM,2005,16.009632110595703
Jamaica,JAM,2010,16.09171485900879
Jamaica,JAM,2011,16.542499542236328
Jamaica,JAM,2012,15.460471153259277
Jamaica,JAM,2013,14.93139934539795
Jamaica,JAM,2014,14.074331283569336
Jamaica,JAM,2015,14.17665958404541
Jamaica,JAM,2016,13.395963668823242
Jamaica,JAM,2017,13.40415096282959
Japan,JPN,1990,14.416359901428223
Japan,JPN,1995,14.31252384185791
Japan,JPN,2000,14.209626197814941
Japan,JPN,2005,14.348666191101074
Japan,JPN,2010,14.142337799072266
Japan,JPN,2011,14.141031265258789
Japan,JPN,2012,13.12887191772461
Japan,JPN,2013,13.362558364868164
Japan,JPN,2014,12.586616516113281
Japan,JPN,2015,12.687459945678711
Japan,JPN,2016,11.623922348022461
Japan,JPN,2017,11.704777717590332
Jordan,JOR,1990,35.343116760253906
Jordan,JOR,1995,34.60586166381836
Jordan,JOR,2000,33.511444091796875
Jordan,JOR,2005,32.48283767700195
Jordan,JOR,2010,33.550567626953125
Jordan,JOR,2011,33.01726150512695
Jordan,JOR,2012,33.01693344116211
Jordan,JOR,2013,33.41761016845703
Jordan,JOR,2014,33.205421447753906
Jordan,JOR,2015,34.305450439453125
Jordan,JOR,2016,33.17661666870117
Jordan,JOR,2017,33.006080627441406
Kazakhstan,KAZ,1990,16.87025260925293
Kazakhstan,KAZ,1995,15.732687950134277
Kazakhstan,KAZ,2000,15.944765090942383
Kazakhstan,KAZ,2005,15.618640899658203
Kazakhstan,KAZ,2010,15.914493560791016
Kazakhstan,KAZ,2011,15.24383544921875
Kazakhstan,KAZ,2012,14.481038093566895
Kazakhstan,KAZ,2013,14.598564147949219
Kazakhstan,KAZ,2014,13.749753952026367
Kazakhstan,KAZ,2015,14.384801864624023
Kazakhstan,KAZ,2016,13.08443832397461
Kazakhstan,KAZ,2017,13.824288368225098
Kenya,KEN,1990,28.54755210876465
Kenya,KEN,1995,28.52077865600586
Kenya,KEN,2000,28.385498046875
Kenya,KEN,2005,27.477298736572266
Kenya,KEN,2010,28.154769897460938
Kenya,KEN,2011,28.662883758544922
Kenya,KEN,2012,29.37228012084961
Kenya,KEN,2013,28.935344696044922
Kenya,KEN,2014,28.949350357055664
Kenya,KEN,2015,28.536279678344727
Kenya,KEN,2016,28.583377838134766
Kenya,KEN,2017,28.5783748626709
Kiribati,KIR,1990,13.115091323852539
Kiribati,KIR,1995,13.428020477294922
Kiribati,KIR,2000,13.521965026855469
Kiribati,KIR,2005,13.345588684082031
Kiribati,KIR,2010,13.175041198730469
Kiribati,KIR,2011,13.358154296875
Kiribati,KIR,2012,12.594231605529785
Kiribati,KIR,2013,12.325297355651855
Kiribati,KIR,2014,11.393742561340332
Kiribati,KIR,2015,11.514318466186523
Kiribati,KIR,2016,10.53783893585205
Kiribati,KIR,2017,10.64085578918457
Kuwait,KWT,1990,60.55584716796875
Kuwait,KWT,1995,60.05729675292969
Kuwait,KWT,2000,61.48199462890625
Kuwait,KWT,2005,59.673988342285156
Kuwait,KWT,2010,62.743980407714844
Kuwait,KWT,2011,62.82540512084961
Kuwait,KWT,2012,64.07090759277344
Kuwait,KWT,2013,62.61130905151367
Kuwait,KWT,2014,55.623905181884766
Kuwait,KWT,2015,65.40607452392578
Kuwait,KWT,2016,60.84385299682617
Kuwait,KWT,2017,60.74515914916992
Kyrgyzstan,KGZ,1990,26.156599044799805
Kyrgyzstan,KGZ,1995,25.435758590698242
Kyrgyzstan,KGZ,2000,27.080219268798828
Kyrgyzstan,KGZ,2005,26.777441024780273
Kyrgyzstan,KGZ,2010,27.2653865814209
Kyrgyzstan,KGZ,2011,27.517602920532227
Kyrgyzstan,KGZ,2012,25.489831924438477
Kyrgyzstan,KGZ,2013,25.44035530090332
Kyrgyzstan,KGZ,2014,23.29819107055664
Kyrgyzstan,KGZ,2015,24.344736099243164
Kyrgyzstan,KGZ,2016,23.195556640625
Kyrgyzstan,KGZ,2017,22.737768173217773
Laos,LAO,1990,26.536298751831055
Laos,LAO,1995,27.09515953063965
Laos,LAO,2000,27.545066833496094
Laos,LAO,2005,30.170209884643555
Laos,LAO,2010,31.731996536254883
Laos,LAO,2011,29.669660568237305
Laos,LAO,2012,30.29741859436035
Laos,LAO,2013,30.259489059448242
Laos,LAO,2014,28.39017105102539
Laos,LAO,2015,26.139488220214844
Laos,LAO,2016,25.80101776123047
Laos,LAO,2017,25.109539031982422
Latin America and Caribbean,,1990,19.608673095703125
Latin America and Caribbean,,1995,19.983606338500977
Latin America and Caribbean,,2000,20.80459213256836
Latin America and Caribbean,,2005,21.06966209411621
Latin America and Caribbean,,2010,21.05366325378418
Latin America and Caribbean,,2011,21.50909996032715
Latin America and Caribbean,,2012,20.440597534179688
Latin America and Caribbean,,2013,19.76987648010254
Latin America and Caribbean,,2014,18.391788482666016
Latin America and Caribbean,,2015,17.75361442565918
Latin America and Caribbean,,2016,16.699798583984375
Latin America and Caribbean,,2017,16.70843505859375
Latvia,LVA,1990,19.023418426513672
Latvia,LVA,1995,17.31863021850586
Latvia,LVA,2000,16.719966888427734
Latvia,LVA,2005,16.855894088745117
Latvia,LVA,2010,17.11506462097168
Latvia,LVA,2011,16.572675704956055
Latvia,LVA,2012,15.598559379577637
Latvia,LVA,2013,14.884307861328125
Latvia,LVA,2014,14.879085540771484
Latvia,LVA,2015,13.968201637268066
Latvia,LVA,2016,13.447471618652344
Latvia,LVA,2017,13.426457405090332
Lebanon,LBN,1990,30.34220314025879
Lebanon,LBN,1995,29.8450927734375
Lebanon,LBN,2000,30.614206314086914
Lebanon,LBN,2005,30.024768829345703
Lebanon,LBN,2010,30.89212417602539
Lebanon,LBN,2011,30.069107055664062
Lebanon,LBN,2012,30.108051300048828
Lebanon,LBN,2013,30.588098526000977
Lebanon,LBN,2014,30.44456672668457
Lebanon,LBN,2015,31.22929573059082
Lebanon,LBN,2016,30.1718692779541
Lebanon,LBN,2017,30.621110916137695
Lesotho,LSO,1990,30.70374298095703
Lesotho,LSO,1995,31.661033630371094
Lesotho,LSO,2000,31.49014663696289
Lesotho,LSO,2005,30.098922729492188
Lesotho,LSO,2010,32.240596771240234
Lesotho,LSO,2011,31.3547420501709
Lesotho,LSO,2012,31.21324348449707
Lesotho,LSO,2013,32.14869689941406
Lesotho,LSO,2014,33.080101013183594
Lesotho,LSO,2015,30.884977340698242
Lesotho,LSO,2016,28.336833953857422
Lesotho,LSO,2017,28.028654098510742
Liberia,LBR,1990,17.123428344726562
Liberia,LBR,1995,17.17619514465332
Liberia,LBR,2000,17.253143310546875
Liberia,LBR,2005,16.02440643310547
Liberia,LBR,2010,15.249197006225586
Liberia,LBR,2011,16.147050857543945
Liberia,LBR,2012,16.2882080078125
Liberia,LBR,2013,15.382857322692871
Liberia,LBR,2014,14.942270278930664
Liberia,LBR,2015,18.212804794311523
Liberia,LBR,2016,17.886777877807617
Liberia,LBR,2017,17.984111785888672
Libya,LBY,1990,45.0634880065918
Libya,LBY,1995,46.71104049682617
Libya,LBY,2000,46.25517272949219
Libya,LBY,2005,47.126190185546875
Libya,LBY,2010,50.1472282409668
Libya,LBY,2011,44.63173294067383
Libya,LBY,2012,44.91136169433594
Libya,LBY,2013,49.279483795166016
Libya,LBY,2014,47.5012321472168
Libya,LBY,2015,51.53263854980469
Libya,LBY,2016,52.129207611083984
Libya,LBY,2017,54.25468063354492
Lithuania,LTU,1990,16.398101806640625
Lithuania,LTU,1995,15.000761032104492
Lithuania,LTU,2000,14.428132057189941
Lithuania,LTU,2005,14.46207046508789
Lithuania,LTU,2010,14.971064567565918
Lithuania,LTU,2011,14.509682655334473
Lithuania,LTU,2012,13.784524917602539
Lithuania,LTU,2013,12.981191635131836
Lithuania,LTU,2014,12.845193862915039
Lithuania,LTU,2015,12.455035209655762
Lithuania,LTU,2016,11.821615219116211
Lithuania,LTU,2017,11.85328197479248
Low and middle income,,1990,50.81916427612305
Low and middle income,,1995,51.369441986083984
Low and middle income,,2000,52.375709533691406
Low and middle income,,2005,55.06820297241211
Low and middle income,,2010,57.09500503540039
Low and middle income,,2011,57.60694122314453
Low and middle income,,2012,53.850242614746094
Low and middle income,,2013,54.352867126464844
Low and middle income,,2014,52.085899353027344
Low and middle income,,2015,53.42578887939453
Low and middle income,,2016,51.14860916137695
Low and middle income,,2017,51.51258850097656
Low income,,1990,42.22258758544922
Low income,,1995,42.53187561035156
Low income,,2000,42.08061599731445
Low income,,2005,40.48748016357422
Low income,,2010,40.197540283203125
Low income,,2011,41.12166976928711
Low income,,2012,41.44766616821289
Low income,,2013,40.40669250488281
Low income,,2014,39.384254455566406
Low income,,2015,44.27626037597656
Low income,,2016,43.018463134765625
Low income,,2017,43.30572509765625
Lower middle income,,1990,59.042388916015625
Lower middle income,,1995,59.512168884277344
Lower middle income,,2000,60.258567810058594
Lower middle income,,2005,63.13447952270508
Lower middle income,,2010,65.5545883178711
Lower middle income,,2011,65.98172760009766
Lower middle income,,2012,61.767059326171875
Lower middle income,,2013,62.39400863647461
Lower middle income,,2014,61.11412048339844
Lower middle income,,2015,63.06246566772461
Lower middle income,,2016,62.172603607177734
Lower middle income,,2017,62.62095260620117
Luxembourg,LUX,1990,13.694461822509766
Luxembourg,LUX,1995,12.947626113891602
Luxembourg,LUX,2000,12.56956672668457
Luxembourg,LUX,2005,12.355535507202148
Luxembourg,LUX,2010,12.958784103393555
Luxembourg,LUX,2011,12.685996055603027
Luxembourg,LUX,2012,11.775575637817383
Luxembourg,LUX,2013,11.60538387298584
Luxembourg,LUX,2014,10.857613563537598
Luxembourg,LUX,2015,11.006654739379883
Luxembourg,LUX,2016,10.311981201171875
Luxembourg,LUX,2017,10.36463737487793
Madagascar,MDG,1990,22.2735595703125
Madagascar,MDG,1995,22.29494857788086
Madagascar,MDG,2000,21.872400283813477
Madagascar,MDG,2005,23.294063568115234
Madagascar,MDG,2010,22.662010192871094
Madagascar,MDG,2011,23.36285972595215
Madagascar,MDG,2012,22.7164249420166
Madagascar,MDG,2013,23.909162521362305
Madagascar,MDG,2014,23.51776695251465
Madagascar,MDG,2015,22.950401306152344
Madagascar,MDG,2016,22.895708084106445
Madagascar,MDG,2017,22.542282104492188
Malawi,MWI,1990,26.46902847290039
Malawi,MWI,1995,26.38950538635254
Malawi,MWI,2000,26.142086029052734
Malawi,MWI,2005,25.627405166625977
Malawi,MWI,2010,25.696197509765625
Malawi,MWI,2011,25.165008544921875
Malawi,MWI,2012,25.738401412963867
Malawi,MWI,2013,24.68347930908203
Malawi,MWI,2014,25.19822883605957
Malawi,MWI,2015,24.537429809570312
Malawi,MWI,2016,23.092615127563477
Malawi,MWI,2017,23.565921783447266
Malaysia,MYS,1990,17.294448852539062
Malaysia,MYS,1995,17.682531356811523
Malaysia,MYS,2000,18.076169967651367
Malaysia,MYS,2005,19.377811431884766
Malaysia,MYS,2010,18.593753814697266
Malaysia,MYS,2011,19.202608108520508
Malaysia,MYS,2012,19.182222366333008
Malaysia,MYS,2013,17.554447174072266
Malaysia,MYS,2014,16.923154830932617
Malaysia,MYS,2015,17.44091033935547
Malaysia,MYS,2016,15.751286506652832
Malaysia,MYS,2017,16.035808563232422
Maldives,MDV,1990,11.4329195022583
Maldives,MDV,1995,11.509395599365234
Maldives,MDV,2000,11.089532852172852
Maldives,MDV,2005,11.435359001159668
Maldives,MDV,2010,11.309829711914062
Maldives,MDV,2011,11.789634704589844
Maldives,MDV,2012,11.157482147216797
Maldives,MDV,2013,10.569679260253906
Maldives,MDV,2014,9.921231269836426
Maldives,MDV,2015,9.373944282531738
Maldives,MDV,2016,7.972428798675537
Maldives,MDV,2017,7.795820713043213
Mali,MLI,1990,41.52876663208008
Mali,MLI,1995,40.572479248046875
Mali,MLI,2000,39.80005645751953
Mali,MLI,2005,37.84408187866211
Mali,MLI,2010,36.39765930175781
Mali,MLI,2011,35.14164352416992
Mali,MLI,2012,34.700225830078125
Mali,MLI,2013,32.30682373046875
Mali,MLI,2014,33.916114807128906
Mali,MLI,2015,41.92692947387695
Mali,MLI,2016,38.48039627075195
Mali,MLI,2017,38.526607513427734
Malta,MLT,1990,16.854869842529297
Malta,MLT,1995,16.661745071411133
Malta,MLT,2000,16.53494644165039
Malta,MLT,2005,16.10447883605957
Malta,MLT,2010,16.449399948120117
Malta,MLT,2011,16.644304275512695
Malta,MLT,2012,15.397160530090332
Malta,MLT,2013,15.281944274902344
Malta,MLT,2014,14.435403823852539
Malta,MLT,2015,14.72246265411377
Malta,MLT,2016,13.811394691467285
Malta,MLT,2017,13.90954303741455
Marshall Islands,MHL,1990,13.063594818115234
Marshall Islands,MHL,1995,13.338399887084961
Marshall Islands,MHL,2000,13.043412208557129
Marshall Islands,MHL,2005,12.926919937133789
Marshall Islands,MHL,2010,12.946708679199219
Marshall Islands,MHL,2011,12.932170867919922
Marshall Islands,MHL,2012,12.123533248901367
Marshall Islands,MHL,2013,11.874388694763184
Marshall Islands,MHL,2014,11.070219993591309
Marshall Islands,MHL,2015,10.837668418884277
Marshall Islands,MHL,2016,10.152002334594727
Marshall Islands,MHL,2017,10.241332054138184
Mauritania,MRT,1990,50.068321228027344
Mauritania,MRT,1995,48.41496276855469
Mauritania,MRT,2000,48.860252380371094
Mauritania,MRT,2005,41.87260055541992
Mauritania,MRT,2010,39.637413024902344
Mauritania,MRT,2011,40.04314422607422
Mauritania,MRT,2012,42.34351348876953
Mauritania,MRT,2013,40.215789794921875
Mauritania,MRT,2014,43.110782623291016
Mauritania,MRT,2015,49.49825668334961
Mauritania,MRT,2016,46.66758728027344
Mauritania,MRT,2017,47.42299270629883
Mauritius,MUS,1990,15.772930145263672
Mauritius,MUS,1995,15.756579399108887
Mauritius,MUS,2000,15.398037910461426
Mauritius,MUS,2005,15.537249565124512
Mauritius,MUS,2010,15.194772720336914
Mauritius,MUS,2011,15.201702117919922
Mauritius,MUS,2012,15.245856285095215
Mauritius,MUS,2013,15.55617618560791
Mauritius,MUS,2014,15.292648315429688
Mauritius,MUS,2015,14.44195556640625
Mauritius,MUS,2016,14.346379280090332
Mauritius,MUS,2017,14.4578275680542
Mexico,MEX,1990,23.516557693481445
Mexico,MEX,1995,24.13661003112793
Mexico,MEX,2000,26.77918243408203
Mexico,MEX,2005,26.862899780273438
Mexico,MEX,2010,26.36543846130371
Mexico,MEX,2011,27.741296768188477
Mexico,MEX,2012,25.981658935546875
Mexico,MEX,2013,25.44908905029297
Mexico,MEX,2014,23.099689483642578
Mexico,MEX,2015,22.13299560546875
Mexico,MEX,2016,20.706829071044922
Mexico,MEX,2017,20.92111587524414
Micronesia (country),FSM,1990,14.010982513427734
Micronesia (country),FSM,1995,14.070062637329102
Micronesia (country),FSM,2000,14.124484062194824
Micronesia (country),FSM,2005,14.006300926208496
Micronesia (country),FSM,2010,13.749245643615723
Micronesia (country),FSM,2011,13.73165225982666
Micronesia (country),FSM,2012,12.974438667297363
Micronesia (country),FSM,2013,12.742515563964844
Micronesia (country),FSM,2014,11.86686897277832
Micronesia (country),FSM,2015,11.725984573364258
Micronesia (country),FSM,2016,11.13451099395752
Micronesia (country),FSM,2017,11.28339958190918
Middle East and North Africa,,1990,50.21142578125
Middle East and North Africa,,1995,49.45882797241211
Middle East and North Africa,,2000,50.41402816772461
Middle East and North Africa,,2005,49.824127197265625
Middle East and North Africa,,2010,51.81085968017578
Middle East and North Africa,,2011,50.26054763793945
Middle East and North Africa,,2012,51.06016159057617
Middle East and North Africa,,2013,51.9404411315918
Middle East and North Africa,,2014,50.52293014526367
Middle East and North Africa,,2015,57.018341064453125
Middle East and North Africa,,2016,55.8067512512207
Middle East and North Africa,,2017,55.667964935302734
Middle income,,1990,51.450103759765625
Middle income,,1995,52.061832427978516
Middle income,,2000,53.2370719909668
Middle income,,2005,56.390541076660156
Middle income,,2010,58.75699234008789
Middle income,,2011,59.251949310302734
Middle income,,2012,55.104793548583984
Middle income,,2013,55.78244400024414
Middle income,,2014,53.40554428100586
Middle income,,2015,54.3896598815918
Middle income,,2016,52.01735305786133
Middle income,,2017,52.40227127075195
Moldova,MDA,1990,22.84505271911621
Moldova,MDA,1995,20.890161514282227
Moldova,MDA,2000,19.581100463867188
Moldova,MDA,2005,19.144521713256836
Moldova,MDA,2010,19.116104125976562
Moldova,MDA,2011,19.924867630004883
Moldova,MDA,2012,18.409284591674805
Moldova,MDA,2013,17.43239974975586
Moldova,MDA,2014,16.72646141052246
Moldova,MDA,2015,17.079139709472656
Moldova,MDA,2016,16.363798141479492
Moldova,MDA,2017,16.25103187561035
Mongolia,MNG,1990,37.9155387878418
Mongolia,MNG,1995,36.83717727661133
Mongolia,MNG,2000,39.032527923583984
Mongolia,MNG,2005,39.72640609741211
Mongolia,MNG,2010,43.30465316772461
Mongolia,MNG,2011,45.36016845703125
Mongolia,MNG,2012,42.65437316894531
Mongolia,MNG,2013,42.321311950683594
Mongolia,MNG,2014,39.29513931274414
Mongolia,MNG,2015,42.5146484375
Mongolia,MNG,2016,38.222816467285156
Mongolia,MNG,2017,40.112850189208984
Montenegro,MNE,1990,28.599088668823242
Montenegro,MNE,1995,27.80047607421875
Montenegro,MNE,2000,26.001245498657227
Montenegro,MNE,2005,25.56279182434082
Montenegro,MNE,2010,25.05540657043457
Montenegro,MNE,2011,26.62922477722168
Montenegro,MNE,2012,24.6803035736084
Montenegro,MNE,2013,23.27422523498535
Montenegro,MNE,2014,21.947052001953125
Montenegro,MNE,2015,22.559690475463867
Montenegro,MNE,2016,20.92405128479004
Montenegro,MNE,2017,20.78181266784668
Morocco,MAR,1990,30.255491256713867
Morocco,MAR,1995,30.42096519470215
Morocco,MAR,2000,30.967449188232422
Morocco,MAR,2005,30.96781349182129
Morocco,MAR,2010,29.64896011352539
Morocco,MAR,2011,29.266563415527344
Morocco,MAR,2012,27.790283203125
Morocco,MAR,2013,29.259519577026367
Morocco,MAR,2014,29.94944953918457
Morocco,MAR,2015,31.440086364746094
Morocco,MAR,2016,32.93537521362305
Morocco,MAR,2017,32.59354019165039
Mozambique,MOZ,1990,23.382858276367188
Mozambique,MOZ,1995,22.796581268310547
Mozambique,MOZ,2000,22.68627166748047
Mozambique,MOZ,2005,22.663230895996094
Mozambique,MOZ,2010,23.56146812438965
Mozambique,MOZ,2011,22.609071731567383
Mozambique,MOZ,2012,22.86760139465332
Mozambique,MOZ,2013,22.636159896850586
Mozambique,MOZ,2014,22.614164352416992
Mozambique,MOZ,2015,21.905881881713867
Mozambique,MOZ,2016,21.471824645996094
Mozambique,MOZ,2017,21.298694610595703
Myanmar,MMR,1990,39.80947494506836
Myanmar,MMR,1995,40.765254974365234
Myanmar,MMR,2000,39.36165237426758
Myanmar,MMR,2005,43.32145309448242
Myanmar,MMR,2010,44.056114196777344
Myanmar,MMR,2011,43.619903564453125
Myanmar,MMR,2012,42.52281188964844
Myanmar,MMR,2013,42.882869720458984
Myanmar,MMR,2014,40.28896713256836
Myanmar,MMR,2015,38.5137825012207
Myanmar,MMR,2016,36.0337028503418
Myanmar,MMR,2017,35.55745315551758
Namibia,NAM,1990,28.74979019165039
Namibia,NAM,1995,27.497596740722656
Namibia,NAM,2000,27.433818817138672
Namibia,NAM,2005,27.619760513305664
Namibia,NAM,2010,27.659896850585938
Namibia,NAM,2011,27.010154724121094
Namibia,NAM,2012,26.798707962036133
Namibia,NAM,2013,27.092815399169922
Namibia,NAM,2014,26.01812171936035
Namibia,NAM,2015,26.910017013549805
Namibia,NAM,2016,25.552141189575195
Namibia,NAM,2017,25.3587646484375
Nepal,NPL,1990,87.59845733642578
Nepal,NPL,1995,90.68716430664062
Nepal,NPL,2000,88.94302368164062
Nepal,NPL,2005,93.21824645996094
Nepal,NPL,2010,100.78443145751953
Nepal,NPL,2011,100.76605987548828
Nepal,NPL,2012,96.96329498291016
Nepal,NPL,2013,95.3139877319336
Nepal,NPL,2014,98.11602020263672
Nepal,NPL,2015,96.25276947021484
Nepal,NPL,2016,98.0547103881836
Nepal,NPL,2017,99.734375
Netherlands,NLD,1990,16.469402313232422
Netherlands,NLD,1995,15.561695098876953
Netherlands,NLD,2000,14.928680419921875
Netherlands,NLD,2005,14.578018188476562
Netherlands,NLD,2010,15.232430458068848
Netherlands,NLD,2011,14.988138198852539
Netherlands,NLD,2012,13.812414169311523
Netherlands,NLD,2013,13.043145179748535
Netherlands,NLD,2014,12.828797340393066
Netherlands,NLD,2015,12.93210506439209
Netherlands,NLD,2016,12.025242805480957
Netherlands,NLD,2017,12.034407615661621
New Zealand,NZL,1990,7.143831253051758
New Zealand,NZL,1995,7.204397201538086
New Zealand,NZL,2000,7.162288665771484
New Zealand,NZL,2005,7.037087440490723
New Zealand,NZL,2010,7.152865886688232
New Zealand,NZL,2011,7.420696258544922
New Zealand,NZL,2012,6.8358354568481445
New Zealand,NZL,2013,6.781885623931885
New Zealand,NZL,2014,6.357903480529785
New Zealand,NZL,2015,6.3304338455200195
New Zealand,NZL,2016,5.987363338470459
New Zealand,NZL,2017,5.956001281738281
Nicaragua,NIC,1990,22.600160598754883
Nicaragua,NIC,1995,22.347902297973633
Nicaragua,NIC,2000,23.053407669067383
Nicaragua,NIC,2005,23.029436111450195
Nicaragua,NIC,2010,22.49226951599121
Nicaragua,NIC,2011,22.479520797729492
Nicaragua,NIC,2012,22.352710723876953
Nicaragua,NIC,2013,21.929075241088867
Nicaragua,NIC,2014,19.38772201538086
Nicaragua,NIC,2015,18.56913185119629
Nicaragua,NIC,2016,17.72772979736328
Nicaragua,NIC,2017,17.614179611206055
Niger,NER,1990,90.59636688232422
Niger,NER,1995,88.63159942626953
Niger,NER,2000,87.50675964355469
Niger,NER,2005,73.43849182128906
Niger,NER,2010,69.15017700195312
Niger,NER,2011,72.9827651977539
Niger,NER,2012,72.54464721679688
Niger,NER,2013,63.031715393066406
Niger,NER,2014,60.541358947753906
Niger,NER,2015,87.28128051757812
Niger,NER,2016,87.7084732055664
Niger,NER,2017,94.05381774902344
Nigeria,NGA,1990,72.12557220458984
Nigeria,NGA,1995,68.71003723144531
Nigeria,NGA,2000,67.55432891845703
Nigeria,NGA,2005,59.658138275146484
Nigeria,NGA,2010,52.60906219482422
Nigeria,NGA,2011,50.97309112548828
Nigeria,NGA,2012,56.129638671875
Nigeria,NGA,2013,49.74068832397461
Nigeria,NGA,2014,48.63337326049805
Nigeria,NGA,2015,75.39899444580078
Nigeria,NGA,2016,71.36959838867188
Nigeria,NGA,2017,71.79817199707031
North America,,1990,9.554770469665527
North America,,1995,9.421870231628418
North America,,2000,9.404172897338867
North America,,2005,9.50123119354248
North America,,2010,9.263171195983887
North America,,2011,9.63081169128418
North America,,2012,8.914901733398438
North America,,2013,8.64144229888916
North America,,2014,8.14222526550293
North America,,2015,7.973349571228027
North America,,2016,7.321048259735107
North America,,2017,7.311074733734131
North Korea,PRK,1990,38.45306396484375
North Korea,PRK,1995,38.35749053955078
North Korea,PRK,2000,38.16205596923828
North Korea,PRK,2005,39.0947151184082
North Korea,PRK,2010,39.342655181884766
North Korea,PRK,2011,38.893367767333984
North Korea,PRK,2012,36.40751266479492
North Korea,PRK,2013,37.134857177734375
North Korea,PRK,2014,35.24021530151367
North Korea,PRK,2015,37.41178512573242
North Korea,PRK,2016,31.758424758911133
North Korea,PRK,2017,32.007450103759766
North Macedonia,MKD,1990,41.87047576904297
North Macedonia,MKD,1995,39.93756103515625
North Macedonia,MKD,2000,36.398216247558594
North Macedonia,MKD,2005,35.6330451965332
North Macedonia,MKD,2010,34.45697021484375
North Macedonia,MKD,2011,38.0831184387207
North Macedonia,MKD,2012,34.657814025878906
North Macedonia,MKD,2013,32.01504898071289
North Macedonia,MKD,2014,31.79054069519043
North Macedonia,MKD,2015,31.975988388061523
North Macedonia,MKD,2016,29.59326934814453
North Macedonia,MKD,2017,29.726943969726562
Northern Mariana Islands,MNP,1990,11.414900779724121
Northern Mariana Islands,MNP,1995,11.409985542297363
Northern Mariana Islands,MNP,2000,12.181241989135742
Northern Mariana Islands,MNP,2005,11.86877155303955
Northern Mariana Islands,MNP,2010,11.92638111114502
Northern Mariana Islands,MNP,2011,12.199626922607422
Northern Mariana Islands,MNP,2012,11.439995765686035
Northern Mariana Islands,MNP,2013,10.965020179748535
Northern Mariana Islands,MNP,2014,10.313471794128418
Northern Mariana Islands,MNP,2015,10.397711753845215
Northern Mariana Islands,MNP,2016,9.917756080627441
Northern Mariana Islands,MNP,2017,9.89298152923584
Norway,NOR,1990,8.995380401611328
Norway,NOR,1995,8.793261528015137
Norway,NOR,2000,8.668866157531738
Norway,NOR,2005,8.359490394592285
Norway,NOR,2010,8.341506958007812
Norway,NOR,2011,8.853510856628418
Norway,NOR,2012,7.925281047821045
Norway,NOR,2013,7.633674621582031
Norway,NOR,2014,7.670896053314209
Norway,NOR,2015,7.2427754402160645
Norway,NOR,2016,6.9594573974609375
Norway,NOR,2017,6.956519603729248
Oman,OMN,1990,40.187644958496094
Oman,OMN,1995,39.602691650390625
Oman,OMN,2000,39.855289459228516
Oman,OMN,2005,39.6552734375
Oman,OMN,2010,37.51533508300781
Oman,OMN,2011,39.10379409790039
Oman,OMN,2012,40.73328399658203
Oman,OMN,2013,41.05276870727539
Oman,OMN,2014,37.710880279541016
Oman,OMN,2015,42.62759017944336
Oman,OMN,2016,41.78219223022461
Oman,OMN,2017,41.115238189697266
Pakistan,PAK,1990,60.334659576416016
Pakistan,PAK,1995,61.432865142822266
Pakistan,PAK,2000,61.10602569580078
Pakistan,PAK,2005,63.37843704223633
Pakistan,PAK,2010,68.00518798828125
Pakistan,PAK,2011,68.54493713378906
Pakistan,PAK,2012,62.37664794921875
Pakistan,PAK,2013,61.02216339111328
Pakistan,PAK,2014,59.51836395263672
Pakistan,PAK,2015,60.08589172363281
Pakistan,PAK,2016,58.63276290893555
Pakistan,PAK,2017,58.28241729736328
Palestine,PSE,1990,34.22574996948242
Palestine,PSE,1995,34.16200256347656
Palestine,PSE,2000,33.85375213623047
Palestine,PSE,2005,31.97449493408203
Palestine,PSE,2010,33.006675720214844
Palestine,PSE,2011,32.873313903808594
Palestine,PSE,2012,32.76945877075195
Palestine,PSE,2013,33.49296188354492
Palestine,PSE,2014,33.44828414916992
Palestine,PSE,2015,33.89141082763672
Palestine,PSE,2016,32.742069244384766
Palestine,PSE,2017,33.22563171386719
Panama,PAN,1990,13.127545356750488
Panama,PAN,1995,13.206170082092285
Panama,PAN,2000,14.383014678955078
Panama,PAN,2005,14.115315437316895
Panama,PAN,2010,14.13891887664795
Panama,PAN,2011,14.296038627624512
Panama,PAN,2012,13.972366333007812
Panama,PAN,2013,13.397870063781738
Panama,PAN,2014,12.921615600585938
Panama,PAN,2015,12.490743637084961
Panama,PAN,2016,11.465547561645508
Panama,PAN,2017,11.400053977966309
Papua New Guinea,PNG,1990,15.126299858093262
Papua New Guinea,PNG,1995,14.637449264526367
Papua New Guinea,PNG,2000,14.75156307220459
Papua New Guinea,PNG,2005,14.524239540100098
Papua New Guinea,PNG,2010,14.94135856628418
Papua New Guinea,PNG,2011,15.519033432006836
Papua New Guinea,PNG,2012,14.60653305053711
Papua New Guinea,PNG,2013,13.952628135681152
Papua New Guinea,PNG,2014,13.245298385620117
Papua New Guinea,PNG,2015,13.261726379394531
Papua New Guinea,PNG,2016,12.615056037902832
Papua New Guinea,PNG,2017,12.294418334960938
Paraguay,PRY,1990,14.023616790771484
Paraguay,PRY,1995,14.288268089294434
Paraguay,PRY,2000,14.213086128234863
Paraguay,PRY,2005,15.130470275878906
Paraguay,PRY,2010,15.102923393249512
Paraguay,PRY,2011,14.598118782043457
Paraguay,PRY,2012,13.9483060836792
Paraguay,PRY,2013,12.926568984985352
Paraguay,PRY,2014,12.641075134277344
Paraguay,PRY,2015,13.038074493408203
Paraguay,PRY,2016,11.649322509765625
Paraguay,PRY,2017,11.909080505371094
Peru,PER,1990,28.520938873291016
Peru,PER,1995,29.50529670715332
Peru,PER,2000,30.273662567138672
Peru,PER,2005,32.29922866821289
Peru,PER,2010,31.502574920654297
Peru,PER,2011,31.571165084838867
Peru,PER,2012,30.494455337524414
Peru,PER,2013,29.743085861206055
Peru,PER,2014,27.582672119140625
Peru,PER,2015,26.037267684936523
Peru,PER,2016,25.54274559020996
Peru,PER,2017,24.786727905273438
Philippines,PHL,1990,22.11603546142578
Philippines,PHL,1995,21.970218658447266
Philippines,PHL,2000,22.20389747619629
Philippines,PHL,2005,22.818571090698242
Philippines,PHL,2010,23.592315673828125
Philippines,PHL,2011,22.75483512878418
Philippines,PHL,2012,22.549583435058594
Philippines,PHL,2013,21.21628761291504
Philippines,PHL,2014,20.259586334228516
Philippines,PHL,2015,19.58154296875
Philippines,PHL,2016,18.2269287109375
Philippines,PHL,2017,18.069799423217773
Poland,POL,1990,30.19942855834961
Poland,POL,1995,27.891828536987305
Poland,POL,2000,25.822185516357422
Poland,POL,2005,26.15121841430664
Poland,POL,2010,27.17650032043457
Poland,POL,2011,26.372507095336914
Poland,POL,2012,24.26397705078125
Poland,POL,2013,22.92872428894043
Poland,POL,2014,22.210891723632812
Poland,POL,2015,22.69131851196289
Poland,POL,2016,20.975767135620117
Poland,POL,2017,20.877822875976562
Portugal,PRT,1990,10.140530586242676
Portugal,PRT,1995,10.084593772888184
Portugal,PRT,2000,10.123692512512207
Portugal,PRT,2005,10.449707984924316
Portugal,PRT,2010,10.076887130737305
Portugal,PRT,2011,10.355012893676758
Portugal,PRT,2012,9.484803199768066
Portugal,PRT,2013,9.43204402923584
Portugal,PRT,2014,8.78479290008545
Portugal,PRT,2015,8.823283195495605
Portugal,PRT,2016,8.052763938903809
Portugal,PRT,2017,8.160752296447754
Puerto Rico,PRI,1990,8.238191604614258
Puerto Rico,PRI,1995,8.233421325683594
Puerto Rico,PRI,2000,10.436002731323242
Puerto Rico,PRI,2005,10.39992618560791
Puerto Rico,PRI,2010,10.37254810333252
Puerto Rico,PRI,2011,10.579405784606934
Puerto Rico,PRI,2012,9.9662446975708
Puerto Rico,PRI,2013,9.703754425048828
Puerto Rico,PRI,2014,9.089227676391602
Puerto Rico,PRI,2015,8.920909881591797
Puerto Rico,PRI,2016,8.34287166595459
Puerto Rico,PRI,2017,8.34903335571289
Qatar,QAT,1990,91.63639068603516
Qatar,QAT,1995,89.99349975585938
Qatar,QAT,2000,83.53533172607422
Qatar,QAT,2005,85.32646942138672
Qatar,QAT,2010,84.1229019165039
Qatar,QAT,2011,81.27300262451172
Qatar,QAT,2012,89.2469711303711
Qatar,QAT,2013,88.89051818847656
Qatar,QAT,2014,78.83283996582031
Qatar,QAT,2015,94.40389251708984
Qatar,QAT,2016,88.22245025634766
Qatar,QAT,2017,91.18732452392578
Romania,ROU,1990,20.319263458251953
Romania,ROU,1995,18.57241439819336
Romania,ROU,2000,17.696741104125977
Romania,ROU,2005,17.15777587890625
Romania,ROU,2010,17.06214714050293
Romania,ROU,2011,17.636754989624023
Romania,ROU,2012,16.315845489501953
Romania,ROU,2013,15.369309425354004
Romania,ROU,2014,15.006495475769043
Romania,ROU,2015,15.433555603027344
Romania,ROU,2016,14.537062644958496
Romania,ROU,2017,14.611340522766113
Russia,RUS,1990,21.223346710205078
Russia,RUS,1995,19.873332977294922
Russia,RUS,2000,19.05403709411621
Russia,RUS,2005,18.995216369628906
Russia,RUS,2010,19.480310440063477
Russia,RUS,2011,19.191511154174805
Russia,RUS,2012,18.304338455200195
Russia,RUS,2013,17.79507064819336
Russia,RUS,2014,16.582162857055664
Russia,RUS,2015,17.01919174194336
Russia,RUS,2016,16.219890594482422
Russia,RUS,2017,16.16022300720215
Rwanda,RWA,1990,45.52701187133789
Rwanda,RWA,1995,44.05491638183594
Rwanda,RWA,2000,43.481689453125
Rwanda,RWA,2005,42.691184997558594
Rwanda,RWA,2010,41.44091033935547
Rwanda,RWA,2011,42.68095779418945
Rwanda,RWA,2012,44.56089782714844
Rwanda,RWA,2013,44.41158676147461
Rwanda,RWA,2014,42.21148681640625
Rwanda,RWA,2015,42.6144905090332
Rwanda,RWA,2016,42.84380340576172
Rwanda,RWA,2017,43.2102165222168
Saint Lucia,LCA,1990,26.711984634399414
Saint Lucia,LCA,1995,26.849882125854492
Saint Lucia,LCA,2000,27.096132278442383
Saint Lucia,LCA,2005,26.98484992980957
Saint Lucia,LCA,2010,27.63597297668457
Saint Lucia,LCA,2011,28.078655242919922
Saint Lucia,LCA,2012,26.36748504638672
Saint Lucia,LCA,2013,25.444801330566406
Saint Lucia,LCA,2014,24.236303329467773
Saint Lucia,LCA,2015,24.283239364624023
Saint Lucia,LCA,2016,22.3533992767334
Saint Lucia,LCA,2017,22.40081787109375
Saint Vincent and the Grenadines,VCT,1990,27.164539337158203
Saint Vincent and the Grenadines,VCT,1995,27.16265869140625
Saint Vincent and the Grenadines,VCT,2000,26.957931518554688
Saint Vincent and the Grenadines,VCT,2005,27.06413459777832
Saint Vincent and the Grenadines,VCT,2010,26.396657943725586
Saint Vincent and the Grenadines,VCT,2011,27.582809448242188
Saint Vincent and the Grenadines,VCT,2012,25.754077911376953
Saint Vincent and the Grenadines,VCT,2013,24.76218032836914
Saint Vincent and the Grenadines,VCT,2014,23.03093147277832
Saint Vincent and the Grenadines,VCT,2015,23.47317123413086
Saint Vincent and the Grenadines,VCT,2016,22.07655143737793
Saint Vincent and the Grenadines,VCT,2017,22.200515747070312
Samoa,WSM,1990,14.311249732971191
Samoa,WSM,1995,14.296988487243652
Samoa,WSM,2000,14.320470809936523
Samoa,WSM,2005,14.20545768737793
Samoa,WSM,2010,14.288093566894531
Samoa,WSM,2011,14.693096160888672
Samoa,WSM,2012,13.62788200378418
Samoa,WSM,2013,13.382521629333496
Samoa,WSM,2014,12.643560409545898
Samoa,WSM,2015,12.321795463562012
Samoa,WSM,2016,11.36629867553711
Samoa,WSM,2017,11.548027038574219
Sao Tome and Principe,STP,1990,30.449045181274414
Sao Tome and Principe,STP,1995,30.314516067504883
Sao Tome and Principe,STP,2000,30.311901092529297
Sao Tome and Principe,STP,2005,29.334394454956055
Sao Tome and Principe,STP,2010,27.12662124633789
Sao Tome and Principe,STP,2011,27.860244750976562
Sao Tome and Principe,STP,2012,25.915843963623047
Sao Tome and Principe,STP,2013,27.658817291259766
Sao Tome and Principe,STP,2014,27.862302780151367
Sao Tome and Principe,STP,2015,28.432092666625977
Sao Tome and Principe,STP,2016,28.66653823852539
Sao Tome and Principe,STP,2017,28.53958511352539
Saudi Arabia,SAU,1990,70.57306671142578
Saudi Arabia,SAU,1995,72.5849380493164
Saudi Arabia,SAU,2000,79.07552337646484
Saudi Arabia,SAU,2005,76.42244720458984
Saudi Arabia,SAU,2010,81.69918060302734
Saudi Arabia,SAU,2011,82.41902923583984
Saudi Arabia,SAU,2012,85.5133056640625
Saudi Arabia,SAU,2013,83.63098907470703
Saudi Arabia,SAU,2014,75.60844421386719
Saudi Arabia,SAU,2015,97.43228912353516
Saudi Arabia,SAU,2016,84.46577453613281
Saudi Arabia,SAU,2017,87.94544982910156
Senegal,SEN,1990,41.016502380371094
Senegal,SEN,1995,41.70807647705078
Senegal,SEN,2000,41.35304641723633
Senegal,SEN,2005,35.54505920410156
Senegal,SEN,2010,34.985382080078125
Senegal,SEN,2011,35.93539810180664
Senegal,SEN,2012,36.167755126953125
Senegal,SEN,2013,34.018226623535156
Senegal,SEN,2014,36.826839447021484
Senegal,SEN,2015,44.34080123901367
Senegal,SEN,2016,38.6949462890625
Senegal,SEN,2017,40.69582748413086
Serbia,SRB,1990,31.415164947509766
Serbia,SRB,1995,29.792953491210938
Serbia,SRB,2000,29.223970413208008
Serbia,SRB,2005,29.68541717529297
Serbia,SRB,2010,29.100589752197266
Serbia,SRB,2011,31.034027099609375
Serbia,SRB,2012,28.584749221801758
Serbia,SRB,2013,27.4307861328125
Serbia,SRB,2014,26.49207305908203
Serbia,SRB,2015,26.954378128051758
Serbia,SRB,2016,24.780622482299805
Serbia,SRB,2017,24.72635841369629
Seychelles,SYC,1990,21.797359466552734
Seychelles,SYC,1995,21.768375396728516
Seychelles,SYC,2000,21.647520065307617
Seychelles,SYC,2005,21.77301025390625
Seychelles,SYC,2010,21.09126853942871
Seychelles,SYC,2011,21.6103572845459
Seychelles,SYC,2012,21.49533462524414
Seychelles,SYC,2013,20.969736099243164
Seychelles,SYC,2014,20.970518112182617
Seychelles,SYC,2015,20.0535945892334
Seychelles,SYC,2016,20.403823852539062
Seychelles,SYC,2017,20.17864990234375
Sierra Leone,SLE,1990,20.732646942138672
Sierra Leone,SLE,1995,20.13938331604004
Sierra Leone,SLE,2000,20.50687026977539
Sierra Leone,SLE,2005,19.312509536743164
Sierra Leone,SLE,2010,18.528888702392578
Sierra Leone,SLE,2011,18.74315643310547
Sierra Leone,SLE,2012,20.101293563842773
Sierra Leone,SLE,2013,18.435667037963867
Sierra Leone,SLE,2014,17.698232650756836
Sierra Leone,SLE,2015,22.52859878540039
Sierra Leone,SLE,2016,21.34393310546875
Sierra Leone,SLE,2017,21.625946044921875
Singapore,SGP,1990,18.7242431640625
Singapore,SGP,1995,18.755014419555664
Singapore,SGP,2000,19.323184967041016
Singapore,SGP,2005,20.801313400268555
Singapore,SGP,2010,20.609460830688477
Singapore,SGP,2011,19.34942054748535
Singapore,SGP,2012,20.886493682861328
Singapore,SGP,2013,18.70707130432129
Singapore,SGP,2014,17.408876419067383
Singapore,SGP,2015,20.663389205932617
Singapore,SGP,2016,18.797801971435547
Singapore,SGP,2017,19.078256607055664
Slovakia,SVK,1990,24.95343589782715
Slovakia,SVK,1995,22.81060791015625
Slovakia,SVK,2000,21.7239990234375
Slovakia,SVK,2005,21.94342041015625
Slovakia,SVK,2010,21.69021987915039
Slovakia,SVK,2011,21.76719856262207
Slovakia,SVK,2012,19.76493263244629
Slovakia,SVK,2013,19.315492630004883
Slovakia,SVK,2014,18.304182052612305
Slovakia,SVK,2015,18.80264663696289
Slovakia,SVK,2016,17.353662490844727
Slovakia,SVK,2017,17.562911987304688
Slovenia,SVN,1990,22.271148681640625
Slovenia,SVN,1995,20.88141441345215
Slovenia,SVN,2000,19.13404655456543
Slovenia,SVN,2005,19.422842025756836
Slovenia,SVN,2010,18.681655883789062
Slovenia,SVN,2011,19.514137268066406
Slovenia,SVN,2012,17.67007827758789
Slovenia,SVN,2013,17.571378707885742
Slovenia,SVN,2014,16.632699966430664
Slovenia,SVN,2015,17.12815284729004
Slovenia,SVN,2016,15.912736892700195
Slovenia,SVN,2017,16.02397918701172
Solomon Islands,SLB,1990,13.761735916137695
Solomon Islands,SLB,1995,13.098753929138184
Solomon Islands,SLB,2000,13.866954803466797
Solomon Islands,SLB,2005,14.178723335266113
Solomon Islands,SLB,2010,14.374255180358887
Solomon Islands,SLB,2011,14.375372886657715
Solomon Islands,SLB,2012,13.430245399475098
Solomon Islands,SLB,2013,12.553255081176758
Solomon Islands,SLB,2014,12.172030448913574
Solomon Islands,SLB,2015,12.699695587158203
Solomon Islands,SLB,2016,11.830689430236816
Solomon Islands,SLB,2017,11.879121780395508
Somalia,SOM,1990,31.735984802246094
Somalia,SOM,1995,29.901111602783203
Somalia,SOM,2000,31.385990142822266
Somalia,SOM,2005,29.721803665161133
Somalia,SOM,2010,29.000185012817383
Somalia,SOM,2011,31.23015594482422
Somalia,SOM,2012,31.58710479736328
Somalia,SOM,2013,29.551572799682617
Somalia,SOM,2014,30.401081085205078
Somalia,SOM,2015,32.01839065551758
Somalia,SOM,2016,31.751745223999023
Somalia,SOM,2017,32.034584045410156
South Africa,ZAF,1990,26.120203018188477
South Africa,ZAF,1995,26.28537368774414
South Africa,ZAF,2000,26.673799514770508
South Africa,ZAF,2005,26.322877883911133
South Africa,ZAF,2010,27.138586044311523
South Africa,ZAF,2011,26.557872772216797
South Africa,ZAF,2012,26.57708740234375
South Africa,ZAF,2013,26.72926139831543
South Africa,ZAF,2014,26.722211837768555
South Africa,ZAF,2015,26.112972259521484
South Africa,ZAF,2016,25.14041519165039
South Africa,ZAF,2017,25.102205276489258
South Asia,,1990,76.6194076538086
South Asia,,1995,77.85356903076172
South Asia,,2000,78.90750122070312
South Asia,,2005,84.3309097290039
South Asia,,2010,89.16764831542969
South Asia,,2011,90.5694808959961
South Asia,,2012,82.73168182373047
South Asia,,2013,84.69029998779297
South Asia,,2014,83.06719970703125
South Asia,,2015,82.7248764038086
South Asia,,2016,81.9811019897461
South Asia,,2017,82.86934661865234
South Korea,KOR,1990,29.331022262573242
South Korea,KOR,1995,29.520631790161133
South Korea,KOR,2000,29.76546859741211
South Korea,KOR,2005,30.406904220581055
South Korea,KOR,2010,29.80200958251953
South Korea,KOR,2011,29.681194305419922
South Korea,KOR,2012,27.915952682495117
South Korea,KOR,2013,29.461917877197266
South Korea,KOR,2014,27.213109970092773
South Korea,KOR,2015,28.214242935180664
South Korea,KOR,2016,25.098541259765625
South Korea,KOR,2017,25.039424896240234
South Sudan,SSD,1990,46.23936080932617
South Sudan,SSD,1995,45.37858200073242
South Sudan,SSD,2000,44.10158920288086
South Sudan,SSD,2005,44.39170455932617
South Sudan,SSD,2010,43.225341796875
South Sudan,SSD,2011,45.101470947265625
South Sudan,SSD,2012,43.97406005859375
South Sudan,SSD,2013,42.64200210571289
South Sudan,SSD,2014,41.90055847167969
South Sudan,SSD,2015,47.76803207397461
South Sudan,SSD,2016,44.84657287597656
South Sudan,SSD,2017,45.57750701904297
Spain,ESP,1990,12.211322784423828
Spain,ESP,1995,11.945395469665527
Spain,ESP,2000,11.774209022521973
Spain,ESP,2005,11.569025039672852
Spain,ESP,2010,11.349328994750977
Spain,ESP,2011,12.03799819946289
Spain,ESP,2012,11.149622917175293
Spain,ESP,2013,10.742582321166992
Spain,ESP,2014,10.074588775634766
Spain,ESP,2015,10.449102401733398
Spain,ESP,2016,9.70413875579834
Spain,ESP,2017,9.697927474975586
Sri Lanka,LKA,1990,29.768503189086914
Sri Lanka,LKA,1995,30.186073303222656
Sri Lanka,LKA,2000,30.855762481689453
Sri Lanka,LKA,2005,30.956735610961914
Sri Lanka,LKA,2010,31.033781051635742
Sri Lanka,LKA,2011,31.232074737548828
Sri Lanka,LKA,2012,30.083972930908203
Sri Lanka,LKA,2013,28.89822769165039
Sri Lanka,LKA,2014,26.92277717590332
Sri Lanka,LKA,2015,25.337343215942383
Sri Lanka,LKA,2016,14.025444984436035
Sri Lanka,LKA,2017,11.099617004394531
Sub-Saharan Africa,,1990,44.018917083740234
Sub-Saharan Africa,,1995,43.113861083984375
Sub-Saharan Africa,,2000,42.7870979309082
Sub-Saharan Africa,,2005,39.82891845703125
Sub-Saharan Africa,,2010,38.2126350402832
Sub-Saharan Africa,,2011,38.3612174987793
Sub-Saharan Africa,,2012,39.829811096191406
Sub-Saharan Africa,,2013,37.91720962524414
Sub-Saharan Africa,,2014,37.23258590698242
Sub-Saharan Africa,,2015,45.67066955566406
Sub-Saharan Africa,,2016,44.368473052978516
Sub-Saharan Africa,,2017,44.61314392089844
Sudan,SDN,1990,51.14362716674805
Sudan,SDN,1995,52.38815689086914
Sudan,SDN,2000,49.428077697753906
Sudan,SDN,2005,50.17543029785156
Sudan,SDN,2010,47.262054443359375
Sudan,SDN,2011,51.152427673339844
Sudan,SDN,2012,49.68593978881836
Sudan,SDN,2013,48.02814483642578
Sudan,SDN,2014,48.14174270629883
Sudan,SDN,2015,58.90478515625
Sudan,SDN,2016,54.14727783203125
Sudan,SDN,2017,55.37083435058594
Suriname,SUR,1990,29.993099212646484
Suriname,SUR,1995,30.04112434387207
Suriname,SUR,2000,29.02589225769043
Suriname,SUR,2005,29.975704193115234
Suriname,SUR,2010,29.83188819885254
Suriname,SUR,2011,31.038721084594727
Suriname,SUR,2012,29.133609771728516
Suriname,SUR,2013,28.808317184448242
Suriname,SUR,2014,25.99884796142578
Suriname,SUR,2015,25.973283767700195
Suriname,SUR,2016,25.316978454589844
Suriname,SUR,2017,24.780010223388672
Sweden,SWE,1990,7.9475321769714355
Sweden,SWE,1995,7.575328350067139
Sweden,SWE,2000,7.578009128570557
Sweden,SWE,2005,7.165820121765137
Sweden,SWE,2010,7.20975923538208
Sweden,SWE,2011,7.391221523284912
Sweden,SWE,2012,6.627942085266113
Sweden,SWE,2013,6.431169033050537
Sweden,SWE,2014,6.959197521209717
Sweden,SWE,2015,6.322498321533203
Sweden,SWE,2016,6.114258289337158
Sweden,SWE,2017,6.184665203094482
Switzerland,CHE,1990,14.228372573852539
Switzerland,CHE,1995,13.370560646057129
Switzerland,CHE,2000,12.690764427185059
Switzerland,CHE,2005,12.86181640625
Switzerland,CHE,2010,12.922219276428223
Switzerland,CHE,2011,13.04922103881836
Switzerland,CHE,2012,12.261387825012207
Switzerland,CHE,2013,11.82005500793457
Switzerland,CHE,2014,11.389106750488281
Switzerland,CHE,2015,11.165254592895508
Switzerland,CHE,2016,10.342630386352539
Switzerland,CHE,2017,10.303099632263184
Syria,SYR,1990,46.71794509887695
Syria,SYR,1995,44.62346649169922
Syria,SYR,2000,41.556304931640625
Syria,SYR,2005,39.941749572753906
Syria,SYR,2010,42.657684326171875
Syria,SYR,2011,41.12495422363281
Syria,SYR,2012,41.01683807373047
Syria,SYR,2013,41.91496658325195
Syria,SYR,2014,41.534481048583984
Syria,SYR,2015,44.313907623291016
Syria,SYR,2016,43.702552795410156
Syria,SYR,2017,43.757259368896484
Tajikistan,TJK,1990,50.98789978027344
Tajikistan,TJK,1995,51.60683059692383
Tajikistan,TJK,2000,51.18266296386719
Tajikistan,TJK,2005,49.339351654052734
Tajikistan,TJK,2010,50.405418395996094
Tajikistan,TJK,2011,54.31996154785156
Tajikistan,TJK,2012,48.98960494995117
Tajikistan,TJK,2013,49.553138732910156
Tajikistan,TJK,2014,46.48082733154297
Tajikistan,TJK,2015,47.792972564697266
Tajikistan,TJK,2016,43.377708435058594
Tajikistan,TJK,2017,46.152183532714844
Tanzania,TZA,1990,29.86164665222168
Tanzania,TZA,1995,28.80842399597168
Tanzania,TZA,2000,28.973697662353516
Tanzania,TZA,2005,29.573835372924805
Tanzania,TZA,2010,28.607532501220703
Tanzania,TZA,2011,28.728769302368164
Tanzania,TZA,2012,29.969844818115234
Tanzania,TZA,2013,29.35963249206543
Tanzania,TZA,2014,28.873716354370117
Tanzania,TZA,2015,28.240447998046875
Tanzania,TZA,2016,28.44356918334961
Tanzania,TZA,2017,29.076641082763672
Thailand,THA,1990,30.831621170043945
Thailand,THA,1995,30.939716339111328
Thailand,THA,2000,30.960351943969727
Thailand,THA,2005,31.80703353881836
Thailand,THA,2010,31.565399169921875
Thailand,THA,2011,31.609628677368164
Thailand,THA,2012,31.525314331054688
Thailand,THA,2013,31.174724578857422
Thailand,THA,2014,29.364641189575195
Thailand,THA,2015,27.344566345214844
Thailand,THA,2016,26.258054733276367
Thailand,THA,2017,26.25672721862793
Timor,TLS,1990,23.05657958984375
Timor,TLS,1995,23.255992889404297
Timor,TLS,2000,23.501296997070312
Timor,TLS,2005,23.25316047668457
Timor,TLS,2010,23.492395401000977
Timor,TLS,2011,23.7567195892334
Timor,TLS,2012,22.466623306274414
Timor,TLS,2013,21.964622497558594
Timor,TLS,2014,20.45009994506836
Timor,TLS,2015,20.623186111450195
Timor,TLS,2016,20.017902374267578
Timor,TLS,2017,19.25720977783203
Togo,TGO,1990,38.11479187011719
Togo,TGO,1995,37.7016487121582
Togo,TGO,2000,37.685855865478516
Togo,TGO,2005,31.39154624938965
Togo,TGO,2010,30.522945404052734
Togo,TGO,2011,30.854806900024414
Togo,TGO,2012,31.36920928955078
Togo,TGO,2013,29.565927505493164
Togo,TGO,2014,28.936290740966797
Togo,TGO,2015,38.35681915283203
Togo,TGO,2016,37.05110549926758
Togo,TGO,2017,35.7313346862793
Tonga,TON,1990,13.16782283782959
Tonga,TON,1995,13.30625057220459
Tonga,TON,2000,12.798571586608887
Tonga,TON,2005,13.179139137268066
Tonga,TON,2010,13.53194808959961
Tonga,TON,2011,13.517087936401367
Tonga,TON,2012,12.43817138671875
Tonga,TON,2013,12.147713661193848
Tonga,TON,2014,12.057640075683594
Tonga,TON,2015,11.312968254089355
Tonga,TON,2016,10.951423645019531
Tonga,TON,2017,10.785478591918945
Trinidad and Tobago,TTO,1990,28.87598991394043
Trinidad and Tobago,TTO,1995,29.460783004760742
Trinidad and Tobago,TTO,2000,28.7940616607666
Trinidad and Tobago,TTO,2005,29.525936126708984
Trinidad and Tobago,TTO,2010,28.704185485839844
Trinidad and Tobago,TTO,2011,29.851625442504883
Trinidad and Tobago,TTO,2012,27.9425048828125
Trinidad and Tobago,TTO,2013,27.15873908996582
Trinidad and Tobago,TTO,2014,24.85584259033203
Trinidad and Tobago,TTO,2015,24.8980770111084
Trinidad and Tobago,TTO,2016,24.230480194091797
Trinidad and Tobago,TTO,2017,24.10856819152832
Tunisia,TUN,1990,35.94963455200195
Tunisia,TUN,1995,35.940879821777344
Tunisia,TUN,2000,35.6025276184082
Tunisia,TUN,2005,33.55744934082031
Tunisia,TUN,2010,35.54549026489258
Tunisia,TUN,2011,33.868350982666016
Tunisia,TUN,2012,32.8158073425293
Tunisia,TUN,2013,35.654144287109375
Tunisia,TUN,2014,34.69205856323242
Tunisia,TUN,2015,36.30424880981445
Tunisia,TUN,2016,38.45048904418945
Tunisia,TUN,2017,37.6559944152832
Turkey,TUR,1990,42.59882354736328
Turkey,TUR,1995,41.97206115722656
Turkey,TUR,2000,42.69252395629883
Turkey,TUR,2005,41.2020149230957
Turkey,TUR,2010,43.82122802734375
Turkey,TUR,2011,40.545108795166016
Turkey,TUR,2012,41.92091751098633
Turkey,TUR,2013,42.062583923339844
Turkey,TUR,2014,42.59577178955078
Turkey,TUR,2015,45.401554107666016
Turkey,TUR,2016,44.482757568359375
Turkey,TUR,2017,44.311527252197266
Turkmenistan,TKM,1990,25.30134391784668
Turkmenistan,TKM,1995,25.370969772338867
Turkmenistan,TKM,2000,25.471555709838867
Turkmenistan,TKM,2005,23.85405731201172
Turkmenistan,TKM,2010,24.851829528808594
Turkmenistan,TKM,2011,25.4960994720459
Turkmenistan,TKM,2012,23.80200958251953
Turkmenistan,TKM,2013,23.72188949584961
Turkmenistan,TKM,2014,22.08490753173828
Turkmenistan,TKM,2015,22.970539093017578
Turkmenistan,TKM,2016,21.74112319946289
Turkmenistan,TKM,2017,21.76772117614746
Uganda,UGA,1990,47.874839782714844
Uganda,UGA,1995,48.34343719482422
Uganda,UGA,2000,46.028907775878906
Uganda,UGA,2005,45.9461669921875
Uganda,UGA,2010,44.758697509765625
Uganda,UGA,2011,47.0611686706543
Uganda,UGA,2012,49.62672805786133
Uganda,UGA,2013,47.72115707397461
Uganda,UGA,2014,46.93056869506836
Uganda,UGA,2015,48.94935989379883
Uganda,UGA,2016,51.94410705566406
Uganda,UGA,2017,50.494319915771484
Ukraine,UKR,1990,28.309547424316406
Ukraine,UKR,1995,25.88673210144043
Ukraine,UKR,2000,24.157913208007812
Ukraine,UKR,2005,23.922204971313477
Ukraine,UKR,2010,23.52265739440918
Ukraine,UKR,2011,23.97110366821289
Ukraine,UKR,2012,22.328792572021484
Ukraine,UKR,2013,21.532400131225586
Ukraine,UKR,2014,20.486894607543945
Ukraine,UKR,2015,21.2464542388916
Ukraine,UKR,2016,20.618186950683594
Ukraine,UKR,2017,20.309776306152344
United Arab Emirates,ARE,1990,39.82462692260742
United Arab Emirates,ARE,1995,39.77842712402344
United Arab Emirates,ARE,2000,39.69879913330078
United Arab Emirates,ARE,2005,38.98906326293945
United Arab Emirates,ARE,2010,38.98006820678711
United Arab Emirates,ARE,2011,39.19343185424805
United Arab Emirates,ARE,2012,39.27712631225586
United Arab Emirates,ARE,2013,39.608154296875
United Arab Emirates,ARE,2014,37.983421325683594
United Arab Emirates,ARE,2015,42.334991455078125
United Arab Emirates,ARE,2016,40.52210235595703
United Arab Emirates,ARE,2017,40.917510986328125
United Kingdom,GBR,1990,13.508186340332031
United Kingdom,GBR,1995,13.005444526672363
United Kingdom,GBR,2000,12.618228912353516
United Kingdom,GBR,2005,12.537897109985352
United Kingdom,GBR,2010,12.299108505249023
United Kingdom,GBR,2011,12.84799861907959
United Kingdom,GBR,2012,11.814495086669922
United Kingdom,GBR,2013,11.618901252746582
United Kingdom,GBR,2014,10.800559997558594
United Kingdom,GBR,2015,10.754873275756836
United Kingdom,GBR,2016,10.504667282104492
United Kingdom,GBR,2017,10.47269058227539
United States,USA,1990,9.701666831970215
United States,USA,1995,9.566391944885254
United States,USA,2000,9.525137901306152
United States,USA,2005,9.609824180603027
United States,USA,2010,9.358636856079102
United States,USA,2011,9.740640640258789
United States,USA,2012,9.00316333770752
United States,USA,2013,8.734777450561523
United States,USA,2014,8.220720291137695
United States,USA,2015,8.063920021057129
United States,USA,2016,7.406464099884033
United States,USA,2017,7.4094414710998535
United States Virgin Islands,VIR,1990,10.2992525100708
United States Virgin Islands,VIR,1995,10.295467376708984
United States Virgin Islands,VIR,2000,12.85075569152832
United States Virgin Islands,VIR,2005,12.760080337524414
United States Virgin Islands,VIR,2010,12.752099990844727
United States Virgin Islands,VIR,2011,12.993738174438477
United States Virgin Islands,VIR,2012,12.233122825622559
United States Virgin Islands,VIR,2013,11.955513000488281
United States Virgin Islands,VIR,2014,11.165816307067871
United States Virgin Islands,VIR,2015,11.02889633178711
United States Virgin Islands,VIR,2016,10.264842987060547
United States Virgin Islands,VIR,2017,10.265312194824219
Upper middle income,,1990,43.6259880065918
Upper middle income,,1995,44.05805206298828
Upper middle income,,2000,45.366851806640625
Upper middle income,,2005,48.4749641418457
Upper middle income,,2010,50.41101837158203
Upper middle income,,2011,50.92295837402344
Upper middle income,,2012,46.803409576416016
Upper middle income,,2013,47.489383697509766
Upper middle income,,2014,43.67171096801758
Upper middle income,,2015,43.36198043823242
Upper middle income,,2016,39.01467514038086
Upper middle income,,2017,39.23002243041992
Uruguay,URY,1990,10.870699882507324
Uruguay,URY,1995,10.743856430053711
Uruguay,URY,2000,11.367082595825195
Uruguay,URY,2005,10.918424606323242
Uruguay,URY,2010,11.027055740356445
Uruguay,URY,2011,11.468731880187988
Uruguay,URY,2012,10.567294120788574
Uruguay,URY,2013,10.455605506896973
Uruguay,URY,2014,9.9268159866333
Uruguay,URY,2015,9.659454345703125
Uruguay,URY,2016,9.197441101074219
Uruguay,URY,2017,9.274883270263672
Uzbekistan,UZB,1990,35.9025764465332
Uzbekistan,UZB,1995,34.7875862121582
Uzbekistan,UZB,2000,31.93634605407715
Uzbekistan,UZB,2005,31.53029441833496
Uzbekistan,UZB,2010,32.07745361328125
Uzbekistan,UZB,2011,33.99383544921875
Uzbekistan,UZB,2012,31.662105560302734
Uzbekistan,UZB,2013,30.805192947387695
Uzbekistan,UZB,2014,28.900035858154297
Uzbekistan,UZB,2015,30.394330978393555
Uzbekistan,UZB,2016,27.814346313476562
Uzbekistan,UZB,2017,28.455902099609375
Vanuatu,VUT,1990,13.670550346374512
Vanuatu,VUT,1995,13.52147388458252
Vanuatu,VUT,2000,14.066546440124512
Vanuatu,VUT,2005,14.189769744873047
Vanuatu,VUT,2010,14.129512786865234
Vanuatu,VUT,2011,14.382964134216309
Vanuatu,VUT,2012,13.242452621459961
Vanuatu,VUT,2013,12.740693092346191
Vanuatu,VUT,2014,11.93385124206543
Vanuatu,VUT,2015,12.157210350036621
Vanuatu,VUT,2016,11.590909004211426
Vanuatu,VUT,2017,11.652776718139648
Venezuela,VEN,1990,21.4571590423584
Venezuela,VEN,1995,21.270963668823242
Venezuela,VEN,2000,21.61028289794922
Venezuela,VEN,2005,22.369260787963867
Venezuela,VEN,2010,21.68286895751953
Venezuela,VEN,2011,22.03310775756836
Venezuela,VEN,2012,21.2457275390625
Venezuela,VEN,2013,20.4289493560791
Venezuela,VEN,2014,19.104061126708984
Venezuela,VEN,2015,18.30300521850586
Venezuela,VEN,2016,16.767993927001953
Venezuela,VEN,2017,17.008554458618164
Vietnam,VNM,1990,35.9284782409668
Vietnam,VNM,1995,36.01681137084961
Vietnam,VNM,2000,36.23884582519531
Vietnam,VNM,2005,37.74959182739258
Vietnam,VNM,2010,39.36539840698242
Vietnam,VNM,2011,38.486976623535156
Vietnam,VNM,2012,37.22745132446289
Vietnam,VNM,2013,36.835906982421875
Vietnam,VNM,2014,34.89601516723633
Vietnam,VNM,2015,32.4664421081543
Vietnam,VNM,2016,30.24131202697754
Vietnam,VNM,2017,29.626728057861328
World,OWID_WRL,1990,44.26161575317383
World,OWID_WRL,1995,44.881874084472656
World,OWID_WRL,2000,45.93539810180664
World,OWID_WRL,2005,48.36383056640625
World,OWID_WRL,2010,50.25201416015625
World,OWID_WRL,2011,50.77349090576172
World,OWID_WRL,2012,47.54097366333008
World,OWID_WRL,2013,47.9619255065918
World,OWID_WRL,2014,45.958335876464844
World,OWID_WRL,2015,47.24492645263672
World,OWID_WRL,2016,45.165184020996094
World,OWID_WRL,2017,45.538047790527344
Yemen,YEM,1990,48.86372756958008
Yemen,YEM,1995,50.02771759033203
Yemen,YEM,2000,50.8679313659668
Yemen,YEM,2005,45.144805908203125
Yemen,YEM,2010,45.979469299316406
Yemen,YEM,2011,50.835289001464844
Yemen,YEM,2012,51.43445587158203
Yemen,YEM,2013,52.998443603515625
Yemen,YEM,2014,48.338653564453125
Yemen,YEM,2015,54.26028823852539
Yemen,YEM,2016,50.12762451171875
Yemen,YEM,2017,50.45600509643555
Zambia,ZMB,1990,32.76484680175781
Zambia,ZMB,1995,30.908466339111328
Zambia,ZMB,2000,30.898204803466797
Zambia,ZMB,2005,28.94705581665039
Zambia,ZMB,2010,28.83637809753418
Zambia,ZMB,2011,28.98711585998535
Zambia,ZMB,2012,29.74203872680664
Zambia,ZMB,2013,29.112220764160156
Zambia,ZMB,2014,28.49325180053711
Zambia,ZMB,2015,28.375452041625977
Zambia,ZMB,2016,27.35567283630371
Zambia,ZMB,2017,27.438034057617188
Zimbabwe,ZWE,1990,23.319908142089844
Zimbabwe,ZWE,1995,22.726268768310547
Zimbabwe,ZWE,2000,23.126373291015625
Zimbabwe,ZWE,2005,23.314741134643555
Zimbabwe,ZWE,2010,23.23147964477539
Zimbabwe,ZWE,2011,23.0742130279541
Zimbabwe,ZWE,2012,23.198097229003906
Zimbabwe,ZWE,2013,23.111087799072266
Zimbabwe,ZWE,2014,22.805950164794922
Zimbabwe,ZWE,2015,21.73370933532715
Zimbabwe,ZWE,2016,21.726947784423828
Zimbabwe,ZWE,2017,22.251670837402344